code,code_system,include,term,notes
"""prodcode""",UNKNOWN,true,"""therapyevents""	""productname""	""ingredient""	""strength""	""formulation""	""route""	""bnftext""	""Antiplatelets""",
"""47895""",UNKNOWN,true,"433	""Brilique 90mg tablets (AstraZeneca UK Ltd)""	""Ticagrelor""	""90mg""	""Oral tablet""	""Gastroenteral/Oral""	""Antiplatelet Products""	""Ticagrelor""",
"""68752""",UNKNOWN,true,"0	""Aspirin 75mg tablets (Sigma Pharmaceuticals Plc)""	""Aspirin""	""75mg""	""Oral tablet""	""Oral""	""Antiplatelet Products""	""Aspirin""",
"""59728""",UNKNOWN,true,"0	""Aspirin 75mg tablets (Alissa Healthcare Research Ltd)""	""Aspirin""	""75mg""	""Oral tablet""	""Oral""	""Antiplatelet Products""	""Aspirin""",
"""73634""",UNKNOWN,true,"0	""Co-codaprin 8mg/400mg tablets (The Boots Company Plc)""	""Aspirin""	""8mg + 400mg""	""Oral tablet""	""Oral""	""Non-Opioid And Compound Analgesics""	""Aspirin""",
"""40191""",UNKNOWN,true,"3	""ASPIRIN /CAFFEINE /QUININE SULPHATE 325 MG TAB""	""Aspirin""	NA	""Tablet""	""Oral""	""Unknown""	""Aspirin""",
"""12102""",UNKNOWN,true,"434	""ASPIRIN SOLUBLE 100 MG TAB""	""Aspirin""	NA	""Tablet""	""Oral""	""Unknown""	""Aspirin""",
"""15779""",UNKNOWN,true,"166	""Codeine 8mg with aspirin 500mg soluble tablets""	""Aspirin""	""8mg + 500mg""	""Soluble Tablet""	""Oral""	""Non-Opioid And Compound Analgesics/Opioid Analgesics""	""Aspirin""",
"""53622""",UNKNOWN,true,"0	""Aspirin 300mg Tablet (M & A Pharmachem Ltd)""	""Aspirin""	""300mg""	""Oral tablet""	""Oral""	""Antiplatelet Products/Non-Opioid And Compound Analgesics""	""Aspirin""",
"""9027""",UNKNOWN,true,"430	""ASPIRIN disp 150 MG TAB""	""Aspirin""	NA	""Tablet""	""Oral""	""Unknown""	""Aspirin""",
"""91288""",UNKNOWN,true,"0	""Aspirin 75mg gastro-resistant tablets (Galpharm International Ltd)""	""Aspirin""	""75mg""	""Gastro-resistant tablet""	""Oral""	""Antiplatelet Products""	""Aspirin""",
"""22863""",UNKNOWN,true,"1	""ASPIRIN S/R 500 MG TAB""	""Aspirin""	NA	""Tablet""	""Oral""	""Unknown""	""Aspirin""",
"""86732""",UNKNOWN,true,"0	""Aspirin 75mg tablets (G.L. Pharma UK Ltd)""	""Aspirin""	""75mg""	""Oral tablet""	""Oral""	""Antiplatelet Products""	""Aspirin""",
"""393""",UNKNOWN,true,"549	""Disprin 300mg dispersible tablets (Reckitt Benckiser Healthcare (UK) Ltd)""	""Aspirin""	""300mg""	""Dispersible tablet""	""Oral""	""Antiplatelet Products/Non-Opioid And Compound Analgesics""	""Aspirin""",
"""53804""",UNKNOWN,true,"0	""Aspirin 300mg gastro-resistant tablets (Alliance Healthcare (Distribution) Ltd)""	""Aspirin""	""300mg""	""Gastro-resistant tablet""	""Oral""	""Antiplatelet Products/Non-Opioid And Compound Analgesics""	""Aspirin""",
"""43434""",UNKNOWN,true,"278	""Aspirin 300mg gastro-resistant tablets (A A H Pharmaceuticals Ltd)""	""Aspirin""	""300mg""	""Gastro-resistant tablet""	""Oral""	""Antiplatelet Products/Non-Opioid And Compound Analgesics""	""Aspirin""",
"""48165""",UNKNOWN,true,"1	""Aspirin 300mg tablets (Aspar Pharmaceuticals Ltd)""	""Aspirin""	""300mg""	""Oral tablet""	""Oral""	""Antiplatelet Products/Non-Opioid And Compound Analgesics""	""Aspirin""",
"""4523""",UNKNOWN,true,"198	""ASPIRIN 50 MG CAP""	""Aspirin""	NA	NA	NA	""Unknown""	""Aspirin""",
"""8381""",UNKNOWN,true,"118	""ASPIRIN /CAMPHOR /MENTHOL /METHYL SALICY 1.2 % LIN""	""Aspirin""	NA	""Solution for injection""	""Intramuscular""	""Unknown""	""Aspirin""",
"""40913""",UNKNOWN,true,"674	""Grepid 75mg tablets (Kent Pharma (UK) Ltd)""	""Clopidogrel""	""75mg""	""Oral tablet""	""Oral""	""Antiplatelet Products""	""Clopidogrel""",
"""15447""",UNKNOWN,true,"125	""ASPIRIN SOLUBLE 600 MG TAB""	""Aspirin""	NA	""Tablet""	""Oral""	""Unknown""	""Aspirin""",
"""22450""",UNKNOWN,true,"44	""ASPIRIN & CODEINE 75 MG TAB""	""Aspirin""	NA	""Tablet""	""Oral""	""Unknown""	""Aspirin""",
"""52856""",UNKNOWN,true,"957	""Co-codaprin 8mg/400mg tablets""	""Aspirin""	""8mg + 400mg""	""Oral tablet""	""Oral""	""Non-Opioid And Compound Analgesics""	""Aspirin""",
"""12605""",UNKNOWN,true,"18	""ASPIRIN & CAFFEINE disp 300 MG TAB""	""Aspirin""	NA	""Tablet""	""Oral""	""Unknown""	""Aspirin""",
"""377""",UNKNOWN,true,"930692	""Aspirin 300mg dispersible tablets""	""Aspirin""	""300mg""	""Dispersible tablet""	""Oral""	""Antiplatelet Products/Non-Opioid And Compound Analgesics""	""Aspirin""",
"""10310""",UNKNOWN,true,"1880	""Aspirin powder""	""Aspirin""	""1mg/1mg""	""Not applicable""	""Route of administration not applicable""	""Antiplatelet Products/Non-Opioid And Compound Analgesics/Extemporaneous Item""	""Aspirin""",
"""31954""",UNKNOWN,true,"22224	""Aspirin 75mg dispersible tablets (Teva UK Ltd)""	""Aspirin""	""75mg""	""Dispersible tablet""	""Oral""	""Antiplatelet Products""	""Aspirin""",
"""50166""",UNKNOWN,true,"1	""Generic Anadin Extra tablets""	""Aspirin""	""45mg + 200mg + 300mg""	""Oral tablet""	""Oral""	""Other Non Opioid Analgesics""	""Aspirin""",
"""62707""",UNKNOWN,true,"0	""Dipyridamole 25mg tablets (Alliance Healthcare (Distribution) Ltd)""	""Dipyridamole""	""25mg""	""Oral tablet""	""Oral""	""Antiplatelet Products""	""Dipyridamole""",
"""49685""",UNKNOWN,true,"61	""Aspirin 75mg dispersible tablets (Sigma Pharmaceuticals Plc)""	""Aspirin""	""75mg""	""Dispersible tablet""	""Oral""	""Antiplatelet Products""	""Aspirin""",
"""31001""",UNKNOWN,true,"0	""Cullens headache powders Sachets (Cullen and Davidson)""	""Aspirin""	""600mg + 50mg""	""Oral powder""	""Oral""	""Non-Opioid And Compound Analgesics""	""Aspirin""",
"""41229""",UNKNOWN,true,"441	""Efient 10mg tablets (Vygoris Ltd)""	""Prasugrel""	""10mg""	""Oral tablet""	""Oral""	""Antiplatelet Products""	""Prasugrel""",
"""75011""",UNKNOWN,true,"150	""Dipyridamole 100mg Tablet (C P Pharmaceuticals Ltd)""	""Dipyridamole""	""100mg""	""Oral tablet""	""Oral""	""Antiplatelet Products""	""Dipyridamole""",
"""1902""",UNKNOWN,true,"4116	""Aspirn 600mg gastro-resistant tablets""	""Aspirin""	""600mg""	""Gastro-Resistant Tablets""	""Oral""	""Antiplatelet Products/Non-Opioid And Compound Analgesics""	""Aspirin""",
"""82633""",UNKNOWN,true,"62	""Clopidogrel 25mg/5ml oral suspension""	""Clopidogrel""	""5mg/1ml""	""Oral suspension""	""Oral""	""Antiplatelet Products""	""Clopidogrel""",
"""1049""",UNKNOWN,true,"2771	""Nu-seals aspirin 600mg Tablet (Eli Lilly and Company Ltd)""	""Aspirin""	""600mg""	""Tablet""	""Oral""	""Antiplatelet Products/Non-Opioid And Compound Analgesics""	""Aspirin""",
"""70606""",UNKNOWN,true,"1481	""Ticagrelor 90mg orodispersible tablets sugar free""	""Ticagrelor""	""90mg""	""Orodispersible tablet""	""Oral""	""Antiplatelet Products""	""Ticagrelor""",
"""88434""",UNKNOWN,true,"2	""Clopidogrel 75mg tablets (Mawdsley-Brooks & Company Ltd)""	""Clopidogrel""	""75mg""	""Oral tablet""	""Oral""	""Antiplatelet Products""	""Clopidogrel""",
"""9044""",UNKNOWN,true,"178	""Codis 500 dispersible tablets (Reckitt Benckiser Healthcare (UK) Ltd)""	""Aspirin""	""500mg + 8mg""	""Dispersible tablet""	""Oral""	""Non-Opioid And Compound Analgesics""	""Aspirin""",
"""22864""",UNKNOWN,true,"55	""ASPIRIN PAED MIX""	""Aspirin""	NA	NA	NA	""Unknown""	""Aspirin""",
"""4679""",UNKNOWN,true,"273908	""Asasantin Retard capsules (Boehringer Ingelheim Ltd)""	""Aspirin/Dipyridamole""	""200mg + 25mg""	""Modified-release capsule""	""Oral""	""Antiplatelet Products""	""Aspirin/Dipyridamole""",
"""21067""",UNKNOWN,true,"105	""Doloxene Capsule (Eli Lilly and Company Ltd)""	""Aspirin""	NA	""Capsule""	""Oral""	""Non-Opioid And Compound Analgesics""	""Aspirin""",
"""2754""",UNKNOWN,true,"701	""ASPIRIN SOLUBLE 150 MG TAB""	""Aspirin""	NA	""Tablet""	""Oral""	""Unknown""	""Aspirin""",
"""29759""",UNKNOWN,true,"0	""Aspro Tablet (Roche Consumer Health)""	""Aspirin""	NA	""Tablet""	""Oral""	""Antiplatelet Products/Non-Opioid And Compound Analgesics""	""Aspirin""",
"""18261""",UNKNOWN,true,"197	""Aspirin 500mg with Papaveretum 7.71mg dispersible tablets""	""Aspirin""	""500mg + 7.71mg""	""Dispersible Tablet""	""Oral""	""Non-Opioid And Compound Analgesics/Opioid Analgesics""	""Aspirin""",
"""7770""",UNKNOWN,true,"14	""ASPIRIN/CODEINE PHOSPHATE/PARACETAMOL 250 MG TAB""	""Aspirin""	NA	""Tablet""	""Oral""	""Unknown""	""Aspirin""",
"""34385""",UNKNOWN,true,"690	""Aspirin 75mg Soluble tablet (Co-operative)""	""Aspirin""	""75mg""	""Dispersible tablet""	""Oral""	""Antiplatelet Products""	""Aspirin""",
"""81756""",UNKNOWN,true,"0	""Aspirin 75mg gastro-resistant tablets (Lloyds Pharmacy Ltd)""	""Aspirin""	""75mg""	""Gastro-resistant tablet""	""Oral""	""Antiplatelet Products""	""Aspirin""",
"""34709""",UNKNOWN,true,"6	""Dipyridamole 100mg tablets (A A H Pharmaceuticals Ltd)""	""Dipyridamole""	""100mg""	""Oral tablet""	""Oral""	""Antiplatelet Products""	""Dipyridamole""",
"""66973""",UNKNOWN,true,"11340	""Ticagrelor 60mg tablets""	""Ticagrelor""	""60mg""	""Oral tablet""	""Gastroenteral/Oral""	""Antiplatelet Products""	""Ticagrelor""",
"""88492""",UNKNOWN,true,"0	""Aspirin 500mg powder and solvent for solution for injection vials""	""Aspirin""	""500mg""	""Powder and solvent for solution for injection""	""Intravenous/Intramuscular""	""Antiplatelet Products/Non-Opioid And Compound Analgesics""	""Aspirin""",
"""45905""",UNKNOWN,true,"238	""Clopidogrel 1mg/ml oral suspension""	""Clopidogrel""	""1mg/1ml""	""Oral suspension""	""Oral""	""Antiplatelet Products""	""Clopidogrel""",
"""66563""",UNKNOWN,true,"0	""Aspirin 75mg gastro-resistant tablets (Phoenix Healthcare Distribution Ltd)""	""Aspirin""	""75mg""	""Gastro-resistant tablet""	""Oral""	""Antiplatelet Products""	""Aspirin""",
"""28238""",UNKNOWN,true,"19	""ASPIRIN 300MG/LYSINE 245MG 300 MG TAB""	""Aspirin""	NA	""Tablet""	""Oral""	""Unknown""	""Aspirin""",
"""78167""",UNKNOWN,true,"356	""Dipyridamole 25mg Tablet (IVAX Pharmaceuticals UK Ltd)""	""Dipyridamole""	""25mg""	""Oral tablet""	""Oral""	""Antiplatelet Products""	""Dipyridamole""",
"""7989""",UNKNOWN,true,"286	""DIHYDROCODEINE TARTRATE/ASPIRIN 300 MG TAB""	""Aspirin""	NA	""Tablet""	""Oral""	""Unknown""	""Aspirin""",
"""7486""",UNKNOWN,true,"50	""ASPIRIN 37.5 MG TAB""	""Aspirin""	NA	""Tablet""	""Oral""	""Unknown""	""Aspirin""",
"""35108""",UNKNOWN,true,"4123	""Dipyridamole 100mg/5ml oral suspension""	""Dipyridamole""	""20mg/1ml""	""Oral suspension""	""Oral""	""Antiplatelet Products""	""Dipyridamole""",
"""18217""",UNKNOWN,true,"1786	""Aspirin 300mg orodispersible tablets sugar free""	""Aspirin""	""300mg""	""Orodispersible tablet""	""Oral""	""Antiplatelet Products/Non-Opioid And Compound Analgesics""	""Aspirin""",
"""79389""",UNKNOWN,true,"10	""Platet 300mg Effervescent tablet (Roche Products Ltd)""	""Aspirin""	""300mg""	""Effervescent tablet""	""Oral""	""Antiplatelet Products/Non-Opioid And Compound Analgesics""	""Aspirin""",
"""9144""",UNKNOWN,true,"9871	""Caprin 75mg gastro-resistant tablets (Wockhardt UK Ltd)""	""Aspirin""	""75mg""	""Gastro-resistant tablet""	""Oral""	""Antiplatelet Products/Non-Opioid And Compound Analgesics""	""Aspirin""",
"""21989""",UNKNOWN,true,"1783	""Cerebrovase 100mg Tablet (Ashbourne Pharmaceuticals Ltd)""	""Dipyridamole""	""100mg""	""Oral tablet""	""Oral""	""Antiplatelet Products""	""Dipyridamole""",
"""42061""",UNKNOWN,true,"7	""ASPIRIN 65 MG SUP""	""Aspirin""	NA	""Suppository""	""Rectal""	""Unknown""	""Aspirin""",
"""64071""",UNKNOWN,true,"0	""Aspirin powder (J M Loveridge Ltd)""	""Aspirin""	""1mg/1mg""	""Not applicable""	""Route of administration not applicable""	""Antiplatelet Products/Non-Opioid And Compound Analgesics/Extemporaneous Item""	""Aspirin""",
"""31498""",UNKNOWN,true,"2	""ASPIRIN / CAFFEINE CIT./ CODEINE PHOS./ 200 MG TAB""	""Aspirin""	NA	""Tablet""	""Oral""	""Unknown""	""Aspirin""",
"""50555""",UNKNOWN,true,"1	""Aspirin 300mg dispersible tablets (DE Pharmaceuticals)""	""Aspirin""	""300mg""	""Dispersible tablet""	""Oral""	""Antiplatelet Products/Non-Opioid And Compound Analgesics""	""Aspirin""",
"""6226""",UNKNOWN,true,"961	""Aspirin 500mg / Papaveretum 7.71mg dispersible tablets sugar free""	""Aspirin""	""500mg + 7.71mg""	""Dispersible tablet""	""Oral""	""Unknown""	""Aspirin""",
"""6666""",UNKNOWN,true,"174762	""Dipyridamole 200mg modified-release / Aspirin 25mg capsules""	""Aspirin/Dipyridamole""	""200mg + 25mg""	""Modified-release capsule""	""Oral""	""Antiplatelet Products""	""Aspirin/Dipyridamole""",
"""41569""",UNKNOWN,true,"115	""Aspirin 300mg tablets (A A H Pharmaceuticals Ltd)""	""Aspirin""	""300mg""	""Oral tablet""	""Oral""	""Antiplatelet Products/Non-Opioid And Compound Analgesics""	""Aspirin""",
"""31858""",UNKNOWN,true,"1	""Caspac xl 162.5mg Capsule (Pharmacia Ltd)""	""Aspirin""	""162.5mg""	""Capsule""	""Oral""	""Antiplatelet Products/Non-Opioid And Compound Analgesics""	""Aspirin""",
"""33075""",UNKNOWN,true,"4	""ASPIRIN 600MG/GLYCINE 300MG 600 MG TAB""	""Aspirin""	NA	""Tablet""	""Oral""	""Unknown""	""Aspirin""",
"""26424""",UNKNOWN,true,"20	""ASPIRIN 200 MG SUP""	""Aspirin""	NA	""Suppository""	""Rectal""	""Unknown""	""Aspirin""",
"""67521""",UNKNOWN,true,"4	""Aspirin 15mg/5ml oral suspension""	""Aspirin""	""3mg/1ml""	""Oral suspension""	""Oral""	""Antiplatelet Products/Non-Opioid And Compound Analgesics/Acute Migraine/Non-Steroidal Anti-Inflammatory Drugs""	""Aspirin""",
"""8645""",UNKNOWN,true,"507	""Aspirin 300mg effervescent tablets""	""Aspirin""	""300mg""	""Tablets""	""Oral""	""Antiplatelet Products/Non-Opioid And Compound Analgesics""	""Aspirin""",
"""91908""",UNKNOWN,true,"2	""Aspirin 75mg/5ml oral solution""	""Aspirin""	""15mg/1ml""	""Oral solution""	""Oral""	""Antiplatelet Products""	""Aspirin""",
"""34485""",UNKNOWN,true,"926	""Aspirin 75mg gastro-resistant tablets (IVAX Pharmaceuticals UK Ltd)""	""Aspirin""	""75mg""	""Gastro-resistant tablet""	""Oral""	""Antiplatelet Products""	""Aspirin""",
"""69216""",UNKNOWN,true,"2	""Dipyridamole 200mg modified-release / Aspirin 25mg capsules (A A H Pharmaceuticals Ltd)""	""Aspirin/Dipyridamole""	""200mg + 25mg""	""Modified-release capsule""	""Oral""	""Antiplatelet Products""	""Aspirin/Dipyridamole""",
"""645""",UNKNOWN,true,"799	""Aspirin 300mg suppositories""	""Aspirin""	""300mg""	""Suppository""	""Rectal""	""Antiplatelet Products/Non-Opioid And Compound Analgesics""	""Aspirin""",
"""19724""",UNKNOWN,true,"87	""ASPIRIN & CODEINE paed 75 MG TAB""	""Aspirin""	NA	""Tablet""	""Oral""	""Unknown""	""Aspirin""",
"""80356""",UNKNOWN,true,"0	""Boots Aspirin 75mg gastro-resistant tablets (The Boots Company Plc)""	""Aspirin""	""75mg""	""Gastro-resistant tablet""	""Oral""	""Antiplatelet Products""	""Aspirin""",
"""53325""",UNKNOWN,true,"0	""Salicylates with menthol and camphor liniment""	""Aspirin""	NA	""Solution for injection""	""Intramuscular""	""Topical Nsaids And Counter Irritants""	""Aspirin""",
"""12992""",UNKNOWN,true,"1759	""Aspirin 500mg / Codeine 8mg dispersible tablets sugar free""	""Aspirin""	""500mg + 8mg""	""Dispersible tablet""	""Oral""	""Non-Opioid And Compound Analgesics""	""Aspirin""",
"""32210""",UNKNOWN,true,"2001	""Aspirin 300mg dispersible tablets (Accord-UK Ltd)""	""Aspirin""	""300mg""	""Dispersible tablet""	""Oral""	""Antiplatelet Products/Non-Opioid And Compound Analgesics""	""Aspirin""",
"""17704""",UNKNOWN,true,"4746	""Platet 100mg Effervescent tablet (Roche Products Ltd)""	""Aspirin""	""100mg""	""Effervescent Tablet""	""Oral""	""Antiplatelet Products""	""Aspirin""",
"""22107""",UNKNOWN,true,"11	""ASPIRIN disp 200 MG TAB""	""Aspirin""	NA	""Tablet""	""Oral""	""Unknown""	""Aspirin""",
"""21380""",UNKNOWN,true,"5626	""Aspirin 75mg / Isosorbide mononitrate 60mg modified-release tablets""	""Aspirin""	""75mg + 60mg""	""Modified-release tablet""	""Oral""	""Unknown""	""Aspirin""",
"""77265""",UNKNOWN,true,"0	""Aspirin 300mg gastro-resistant tablets (DE Pharmaceuticals)""	""Aspirin""	""300mg""	""Gastro-resistant tablet""	""Oral""	""Antiplatelet Products/Non-Opioid And Compound Analgesics""	""Aspirin""",
"""3726""",UNKNOWN,true,"973	""Metoclopramide with aspirin 5mg + 325mg Effervescent tablet""	""Aspirin""	""5mg + 325mg""	""Effervescent Tablet""	""Oral""	""Products Used Against Nausea And Vertigo - Domperidone & Metoclopramide/Acute Migraine""	""Aspirin""",
"""31499""",UNKNOWN,true,"1	""Paracetamol with aspirin tablet""	""Aspirin""	NA	""Tablets""	""Oral""	""Non-Opioid And Compound Analgesics""	""Aspirin""",
"""383""",UNKNOWN,true,"228	""ASPIRIN 60 MG TAB""	""Aspirin""	NA	""Tablet""	""Oral""	""Unknown""	""Aspirin""",
"""34309""",UNKNOWN,true,"82	""Aspirin 300mg dispersible tablets (A A H Pharmaceuticals Ltd)""	""Aspirin""	""300mg""	""Dispersible tablet""	""Oral""	""Antiplatelet Products/Non-Opioid And Compound Analgesics""	""Aspirin""",
"""42218""",UNKNOWN,true,"24	""Co-codaprin 8mg/400mg dispersible tablets (A A H Pharmaceuticals Ltd)""	""Aspirin""	""8mg + 400mg""	""Dispersible tablet""	""Oral""	""Non-Opioid And Compound Analgesics""	""Aspirin""",
"""33668""",UNKNOWN,true,"26	""Aspirin 300mg Dispersible tablet (Rusco Ltd)""	""Aspirin""	""300mg""	""Dispersible tablet""	""Oral""	""Antiplatelet Products/Non-Opioid And Compound Analgesics""	""Aspirin""",
"""23495""",UNKNOWN,true,"0	""ASPIRIN""	""Aspirin""	NA	NA	NA	""Unknown""	""Aspirin""",
"""64929""",UNKNOWN,true,"16	""Dipyridamole 200mg/5ml oral suspension""	""Dipyridamole""	""40mg/1ml""	""Oral suspension""	""Oral""	""Antiplatelet Products""	""Dipyridamole""",
"""48000""",UNKNOWN,true,"0	""Aspirin 300mg tablets (Sigma Pharmaceuticals Plc)""	""Aspirin""	""300mg""	""Oral tablet""	""Oral""	""Antiplatelet Products/Non-Opioid And Compound Analgesics""	""Aspirin""",
"""85356""",UNKNOWN,true,"0	""Aspirin 75mg dispersible tablets (Medihealth (Northern) Ltd)""	""Aspirin""	""75mg""	""Dispersible tablet""	""Oral""	""Antiplatelet Products""	""Aspirin""",
"""74302""",UNKNOWN,true,"1	""Aspirin 75mg/5ml oral suspension""	""Aspirin""	""15mg/1ml""	""Oral suspension""	""Oral""	""Antiplatelet Products""	""Aspirin""",
"""20650""",UNKNOWN,true,"69	""Aspirin 300mg / Paracetamol 200mg dispersible tablets sugar free""	""Aspirin""	""300mg + 200mg""	""Dispersible tablet""	""Oral""	""Non-Opioid And Compound Analgesics""	""Aspirin""",
"""57036""",UNKNOWN,true,"18	""Clopidogrel 75mg tablets (Viatris UK Healthcare Ltd)""	""Clopidogrel""	""75mg""	""Oral tablet""	""Oral""	""Antiplatelet Products""	""Clopidogrel""",
"""23841""",UNKNOWN,true,"0	""Safapryn Tablet (Pfizer Ltd)""	""Aspirin""	NA	""Tablet""	""Oral""	""Non-Opioid And Compound Analgesics""	""Aspirin""",
"""53751""",UNKNOWN,true,"166	""Clopidogrel 75mg tablets (Phoenix Healthcare Distribution Ltd)""	""Clopidogrel""	""75mg""	""Oral tablet""	""Oral""	""Antiplatelet Products""	""Clopidogrel""",
"""33676""",UNKNOWN,true,"34	""Aspirin 75mg dispersible tablets (Kent Pharma (UK) Ltd)""	""Aspirin""	""75mg""	""Dispersible tablet""	""Oral""	""Antiplatelet Products""	""Aspirin""",
"""77623""",UNKNOWN,true,"21	""Caprin 324mg Modified-release tablet (Pinewood Healthcare)""	""Aspirin""	""324mg""	""Modified-Release Tablet""	""Oral""	""Antiplatelet Products""	""Aspirin""",
"""17449""",UNKNOWN,true,"10	""Ticlid 250mg tablets (Sanofi-Synthelabo Ltd)""	""Ticlopidine""	""250mg""	""Oral tablet""	""Oral""	""Antiplatelet Products""	""Ticlopidine""",
"""8185""",UNKNOWN,true,"1859	""Disprin CV 300mg modified-release tablets (Reckitt Benckiser Healthcare (UK) Ltd)""	""Aspirin""	""300mg""	""Modified-release tablet""	""Oral""	""Antiplatelet Products/Non-Opioid And Compound Analgesics""	""Aspirin""",
"""49799""",UNKNOWN,true,"0	""Aspirin 150mg suppositories (A A H Pharmaceuticals Ltd)""	""Aspirin""	""150mg""	""Suppository""	""Rectal""	""Antiplatelet Products/Non-Opioid And Compound Analgesics""	""Aspirin""",
"""67037""",UNKNOWN,true,"53	""Clopidogrel 75mg tablets (Zentiva Pharma UK Ltd)""	""Clopidogrel""	""75mg""	""Oral tablet""	""Oral""	""Antiplatelet Products""	""Clopidogrel""",
"""71192""",UNKNOWN,true,"1	""Aspirin 75mg tablets (Kent Pharma (UK) Ltd)""	""Aspirin""	""75mg""	""Oral tablet""	""Oral""	""Antiplatelet Products""	""Aspirin""",
"""67858""",UNKNOWN,true,"1	""Aspirin 25mg capsules""	""Aspirin""	""25mg""	""Oral capsule""	""Oral""	""Antiplatelet Products/Non-Opioid And Compound Analgesics""	""Aspirin""",
"""78623""",UNKNOWN,true,"0	""Aspirin 300mg tablets (Mawdsley-Brooks & Company Ltd)""	""Aspirin""	""300mg""	""Oral tablet""	""Oral""	""Antiplatelet Products/Non-Opioid And Compound Analgesics""	""Aspirin""",
"""1137""",UNKNOWN,true,"179633	""Nu-seals aspirin ec 300mg Gastro-resistant tablet (Eli Lilly and Company Ltd)""	""Aspirin""	""300mg""	""Gastro-resistant tablet""	""Oral""	""Antiplatelet Products/Non-Opioid And Compound Analgesics""	""Aspirin""",
"""59021""",UNKNOWN,true,"0	""Aspirin 75mg gastro-resistant tablets (Bristol Laboratories Ltd)""	""Aspirin""	""75mg""	""Gastro-resistant tablet""	""Oral""	""Antiplatelet Products""	""Aspirin""",
"""21932""",UNKNOWN,true,"5	""ETHOHEPTALINE CITRATE/ASPIRIN MG TAB""	""Aspirin""	NA	""Tablet""	""Oral""	""Unknown""	""Aspirin""",
"""85163""",UNKNOWN,true,"4	""Aspirin 75mg gastro-resistant tablets (Dexcel-Pharma Ltd)""	""Aspirin""	""75mg""	""Gastro-resistant tablet""	""Oral""	""Antiplatelet Products""	""Aspirin""",
"""12976""",UNKNOWN,true,"7491	""Aspirin 900mg / Metoclopramide 10mg oral powder sachets sugar free""	""Aspirin""	""10mg + 900mg""	""Powder for oral solution""	""Oral""	""Non-Opioid And Compound Analgesics""	""Aspirin""",
"""80481""",UNKNOWN,true,"40	""Aspirin 75mg Dispersible tablet (Numark Management Ltd)""	""Aspirin""	""75mg""	""Dispersible tablet""	""Oral""	""Antiplatelet Products""	""Aspirin""",
"""572""",UNKNOWN,true,"368	""Ticlopidine 250mg tablets""	""Ticlopidine""	""250mg""	""Oral tablet""	""Oral""	""Antiplatelet Products""	""Ticlopidine""",
"""16611""",UNKNOWN,true,"2	""Anadin Tablet (Wyeth Consumer Healthcare)""	""Aspirin""	""325mg + 15mg""	""Oral tablet""	""Oral""	""Non-Opioid And Compound Analgesics""	""Aspirin""",
"""33139""",UNKNOWN,true,"2	""Anadin maximum strength Capsule (Wyeth Consumer Healthcare)""	""Aspirin""	NA	""Capsule""	""Oral""	""Non-Opioid And Compound Analgesics""	""Aspirin""",
"""77103""",UNKNOWN,true,"0	""Dipyridamole 50mg/5ml oral suspension sugar free (Pinewood Healthcare)""	""Dipyridamole""	""10mg/1ml""	""Oral suspension""	""Oral""	""Antiplatelet Products""	""Dipyridamole""",
"""32178""",UNKNOWN,true,"1	""Paracetamol 133mg with aspirin 267mg & caffeine 40mg effervescent tablet""	""Aspirin""	""133mg + 267mg +40mg""	""Effervescent Tablet""	""Oral""	""Non-Opioid And Compound Analgesics""	""Aspirin""",
"""2105""",UNKNOWN,true,"38	""Solprin 300mg Tablet (Reckitt Benckiser Healthcare (UK) Ltd)""	""Aspirin""	""300mg""	""Dispersible tablet""	""Oral""	""Antiplatelet Products/Non-Opioid And Compound Analgesics""	""Aspirin""",
"""1814""",UNKNOWN,true,"520912	""Dipyridamole 100mg tablets""	""Dipyridamole""	""100mg""	""Oral tablet""	""Oral""	""Antiplatelet Products""	""Dipyridamole""",
"""60777""",UNKNOWN,true,"1	""Aspirin 75mg gastro-resistant tablets (DE Pharmaceuticals)""	""Aspirin""	""75mg""	""Gastro-resistant tablet""	""Oral""	""Antiplatelet Products""	""Aspirin""",
"""76572""",UNKNOWN,true,"0	""Aspirin 300mg suppositories (Martindale Pharmaceuticals Ltd)""	""Aspirin""	""300mg""	""Suppository""	""Rectal""	""Antiplatelet Products/Non-Opioid And Compound Analgesics""	""Aspirin""",
"""52761""",UNKNOWN,true,"173	""Clopidogrel 75mg tablets (Dr Reddy's Laboratories (UK) Ltd)""	""Clopidogrel""	""75mg""	""Oral tablet""	""Oral""	""Antiplatelet Products""	""Clopidogrel""",
"""685""",UNKNOWN,true,"14257	""Aspav dispersible tablets (Actavis UK Ltd)""	""Aspirin""	""500mg + 7.71mg""	""Dispersible tablet""	""Oral""	""Unknown""	""Aspirin""",
"""7915""",UNKNOWN,true,"825	""ASPIRIN SR 100 MG TAB""	""Aspirin""	NA	""Tablet""	""Oral""	""Unknown""	""Aspirin""",
"""8734""",UNKNOWN,true,"181	""ASPIRIN disp 37.5 MG TAB""	""Aspirin""	NA	""Tablet""	""Oral""	""Unknown""	""Aspirin""",
"""30976""",UNKNOWN,true,"25	""Modaplate 100mg Tablet (Berk Pharmaceuticals Ltd)""	""Dipyridamole""	""100mg""	""Oral tablet""	""Oral""	""Antiplatelet Products""	""Dipyridamole""",
"""62855""",UNKNOWN,true,"3	""Clopidogrel 75mg tablets (Alliance Healthcare (Distribution) Ltd)""	""Clopidogrel""	""75mg""	""Oral tablet""	""Oral""	""Antiplatelet Products""	""Clopidogrel""",
"""30695""",UNKNOWN,true,"1	""ASPIRIN 120 MG SUP""	""Aspirin""	NA	""Suppository""	""Rectal""	""Unknown""	""Aspirin""",
"""74096""",UNKNOWN,true,"3	""Aspirin 50mg/5ml oral suspension""	""Aspirin""	""10mg/1ml""	""Oral suspension""	""Oral""	""Antiplatelet Products/Non-Opioid And Compound Analgesics/Acute Migraine/Non-Steroidal Anti-Inflammatory Drugs""	""Aspirin""",
"""67362""",UNKNOWN,true,"0	""Aspirin 300mg suppositories (Alliance Healthcare (Distribution) Ltd)""	""Aspirin""	""300mg""	""Suppository""	""Rectal""	""Antiplatelet Products/Non-Opioid And Compound Analgesics""	""Aspirin""",
"""62430""",UNKNOWN,true,"0	""Aspirin 300mg suppositories (A A H Pharmaceuticals Ltd)""	""Aspirin""	""300mg""	""Suppository""	""Rectal""	""Antiplatelet Products/Non-Opioid And Compound Analgesics""	""Aspirin""",
"""39738""",UNKNOWN,true,"834	""Aspirin 162.5mg modified-release capsules""	""Aspirin""	""162.5mg""	""Modified Release Capsules""	""Oral""	""Antiplatelet Products""	""Aspirin""",
"""55579""",UNKNOWN,true,"0	""Aspirin 300mg tablets (Almus Pharmaceuticals Ltd)""	""Aspirin""	""300mg""	""Oral tablet""	""Oral""	""Unknown""	""Aspirin""",
"""17926""",UNKNOWN,true,"767	""Aspirin 400mg with Codeine 8mg tablets""	""Aspirin""	""400mg + 8mg""	""Tablets""	""Oral""	""Non-Opioid And Compound Analgesics/Opioid Analgesics""	""Aspirin""",
"""22618""",UNKNOWN,true,"213	""Solprin 75mg Tablet (Reckitt Benckiser Healthcare (UK) Ltd)""	""Aspirin""	""75mg""	""Dispersible tablet""	""Oral""	""Antiplatelet Products""	""Aspirin""",
"""80662""",UNKNOWN,true,"4	""Aspirin 75mg tablets (Medreich Plc)""	""Aspirin""	""75mg""	""Oral tablet""	""Oral""	""Antiplatelet Products""	""Aspirin""",
"""54430""",UNKNOWN,true,"1	""Aspirin 75mg tablets (Alliance Healthcare (Distribution) Ltd)""	""Aspirin""	""75mg""	""Oral tablet""	""Oral""	""Antiplatelet Products""	""Aspirin""",
"""85694""",UNKNOWN,true,"3	""Boots Aspirin 300mg dispersible tablets (The Boots Company Plc)""	""Aspirin""	""300mg""	""Dispersible tablet""	""Oral""	""Antiplatelet Products/Non-Opioid And Compound Analgesics""	""Aspirin""",
"""67567""",UNKNOWN,true,"5	""Dipyridamole 100mg/5ml oral solution""	""Dipyridamole""	""20mg/1ml""	""Oral solution""	""Oral""	""Antiplatelet Products""	""Dipyridamole""",
"""2924""",UNKNOWN,true,"12119	""ASPIRIN 150 MG TAB""	""Aspirin""	NA	""Tablet""	""Oral""	""Unknown""	""Aspirin""",
"""20206""",UNKNOWN,true,"3	""ASPIRIN 50 MG SUP""	""Aspirin""	NA	""Suppository""	""Rectal""	""Unknown""	""Aspirin""",
"""24622""",UNKNOWN,true,"90	""Aspirin 325mg / Caffeine 22mg tablets""	""Aspirin""	""325mg + 22mg""	""Oral tablet""	""Oral""	""Unknown""	""Aspirin""",
"""714""",UNKNOWN,true,"2037398	""Dipyridamole 200mg modified-release capsules""	""Dipyridamole""	""200mg""	""Modified-release capsule""	""Oral""	""Antiplatelet Products""	""Dipyridamole""",
"""84784""",UNKNOWN,true,"7	""Aspirin 300mg dispersible tablets (Mawdsley-Brooks & Company Ltd)""	""Aspirin""	""300mg""	""Dispersible tablet""	""Oral""	""Antiplatelet Products/Non-Opioid And Compound Analgesics""	""Aspirin""",
"""12047""",UNKNOWN,true,"7172	""Aspellin Ointment (Rpr / Fisons)""	""Aspirin""	NA	""Ointment""	""Topical""	""Topical Nsaids And Counter Irritants""	""Aspirin""",
"""75916""",UNKNOWN,true,"2	""Aspirin 100mg/5ml oral suspension""	""Aspirin""	""20mg/1ml""	""Oral suspension""	""Oral""	""Antiplatelet Products/Non-Opioid And Compound Analgesics/Acute Migraine/Non-Steroidal Anti-Inflammatory Drugs""	""Aspirin""",
"""19189""",UNKNOWN,true,"111	""Micropirin 75mg Gastro-resistant tablet (Ratiopharm UK Ltd)""	""Aspirin""	""75mg""	""Gastro-resistant tablet""	""Oral""	""Antiplatelet Products""	""Aspirin""",
"""76174""",UNKNOWN,true,"3	""Dipyridamole 50mg/5ml oral suspension sugar free (Rosemont Pharmaceuticals Ltd)""	""Dipyridamole""	""10mg/1ml""	""Oral suspension""	""Oral""	""Antiplatelet Products""	""Dipyridamole""",
"""85696""",UNKNOWN,true,"8	""Clopidogrel 75mg tablets (Waymade Healthcare Plc)""	""Clopidogrel""	""75mg""	""Oral tablet""	""Oral""	""Antiplatelet Products""	""Clopidogrel""",
"""62334""",UNKNOWN,true,"2	""Aspirin 300mg caplets (Wockhardt UK Ltd)""	""Aspirin""	""300mg""	""Oral tablet""	""Oral""	""Antiplatelet Products/Non-Opioid And Compound Analgesics""	""Aspirin""",
"""66546""",UNKNOWN,true,"0	""Aspirin 75mg dispersible tablets (Numark Ltd)""	""Aspirin""	""75mg""	""Dispersible tablet""	""Oral""	""Antiplatelet Products""	""Aspirin""",
"""80777""",UNKNOWN,true,"13	""Brilique 90mg orodispersible tablets (AstraZeneca UK Ltd)""	""Ticagrelor""	""90mg""	""Orodispersible tablet""	""Oral""	""Antiplatelet Products""	""Ticagrelor""",
"""54700""",UNKNOWN,true,"51	""Clopidogrel 75mg tablets (A A H Pharmaceuticals Ltd)""	""Clopidogrel""	""75mg""	""Oral tablet""	""Oral""	""Antiplatelet Products""	""Clopidogrel""",
"""34233""",UNKNOWN,true,"3	""Aspirin with aloxiprin and caffeine capsules""	""Aspirin""	NA	""Capsules""	""Oral""	""Non-Opioid And Compound Analgesics""	""Aspirin""",
"""74210""",UNKNOWN,true,"0	""Dristan Tablet (Wyeth Consumer Healthcare)""	""Aspirin""	NA	""Tablet""	""Oral""	""Systemic Nasal Decongestants/Non-Opioid And Compound Analgesics""	""Aspirin""",
"""2986""",UNKNOWN,true,"25149	""Co-codaprin 8mg/400mg dispersible tablets""	""Aspirin""	""8mg + 400mg""	""Dispersible tablet""	""Oral""	""Non-Opioid And Compound Analgesics""	""Aspirin""",
"""83401""",UNKNOWN,true,"0	""Aspirin 300mg tablets (Numark Ltd)""	""Aspirin""	""300mg""	""Oral tablet""	""Oral""	""Antiplatelet Products/Non-Opioid And Compound Analgesics""	""Aspirin""",
"""19674""",UNKNOWN,true,"20	""ASPIRIN DISPERSIBLE""	""Aspirin""	NA	NA	NA	""Unknown""	""Aspirin""",
"""19813""",UNKNOWN,true,"3	""ASPIRIN SOLUBLE""	""Aspirin""	NA	NA	NA	""Unknown""	""Aspirin""",
"""92280""",UNKNOWN,true,"1	""Dipyridamole 200mg modified-release capsules (Dr Reddy's Laboratories (UK) Ltd)""	""Dipyridamole""	""200mg""	""Modified-release capsule""	""Oral""	""Antiplatelet Products""	""Dipyridamole""",
"""43709""",UNKNOWN,true,"37	""Aspirin 75mg gastro-resistant tablets (Almus Pharmaceuticals Ltd)""	""Aspirin""	""75mg""	""Gastro-resistant tablet""	""Oral""	""Antiplatelet Products""	""Aspirin""",
"""51358""",UNKNOWN,true,"4	""Dipyridamole 100mg tablets (Viatris UK Healthcare Ltd)""	""Dipyridamole""	""100mg""	""Oral tablet""	""Oral""	""Antiplatelet Products""	""Dipyridamole""",
"""74786""",UNKNOWN,true,"2907	""Aspirin 75mg gastro-resistant tablets (Alliance Healthcare (Distribution) Ltd)""	""Aspirin""	""75mg""	""Gastro-resistant tablet""	""Oral""	""Antiplatelet Products""	""Aspirin""",
"""6007""",UNKNOWN,true,"50909	""Nu-Seals 300 gastro-resistant tablets (Alliance Pharmaceuticals Ltd)""	""Aspirin""	""300mg""	""Gastro-resistant tablet""	""Oral""	""Antiplatelet Products/Non-Opioid And Compound Analgesics""	""Aspirin""",
"""54565""",UNKNOWN,true,"12	""Aspirin 75mg dispersible tablets (Lloyds Pharmacy Ltd)""	""Aspirin""	""75mg""	""Dispersible tablet""	""Oral""	""Antiplatelet Products""	""Aspirin""",
"""36521""",UNKNOWN,true,"11	""Aspirin 500mg modified-release tablets""	""Aspirin""	""500mg""	""Modified Release Tablet""	""Oral""	""Antiplatelet Products/Non-Opioid And Compound Analgesics""	""Aspirin""",
"""24828""",UNKNOWN,true,"2	""Hypon Tablet (Wellcome Medical Division)""	""Aspirin""	NA	""Tablet""	""Oral""	""Non-Opioid And Compound Analgesics/Opioid Analgesics""	""Aspirin""",
"""80766""",UNKNOWN,true,"2	""Aspirin 75mg dispersible tablets (M & A Pharmachem Ltd)""	""Aspirin""	""75mg""	""Dispersible tablet""	""Oral""	""Antiplatelet Products""	""Aspirin""",
"""49220""",UNKNOWN,true,"0	""Aspirin 300mg tablets (Kent Pharma (UK) Ltd)""	""Aspirin""	""300mg""	""Oral tablet""	""Oral""	""Antiplatelet Products/Non-Opioid And Compound Analgesics""	""Aspirin""",
"""34666""",UNKNOWN,true,"325	""Aspirin ec 300mg Gastro-resistant tablet (A A H Pharmaceuticals Ltd)""	""Aspirin""	""300mg""	""Gastro-resistant tablet""	""Oral""	""Antiplatelet Products/Non-Opioid And Compound Analgesics""	""Aspirin""",
"""43060""",UNKNOWN,true,"236	""Aspirin 300mg Soluble tablet (Celltech Pharma Europe Ltd)""	""Aspirin""	""300mg""	""Dispersible tablet""	""Oral""	""Antiplatelet Products/Non-Opioid And Compound Analgesics""	""Aspirin""",
"""57585""",UNKNOWN,true,"123	""Asasantin Retard capsules (Dowelhurst Ltd)""	""Aspirin/Dipyridamole""	""200mg + 25mg""	""Modified-release capsule""	""Oral""	""Antiplatelet Products""	""Aspirin/Dipyridamole""",
"""25335""",UNKNOWN,true,"15566	""PostMI 75 EC tablets (Ashbourne Pharmaceuticals Ltd)""	""Aspirin""	""75mg""	""Gastro-resistant tablet""	""Oral""	""Antiplatelet Products/Non-Opioid And Compound Analgesics""	""Aspirin""",
"""16597""",UNKNOWN,true,"19	""Dipyridamole 10mg/2ml solution for injection ampoules""	""Dipyridamole""	""5mg/1ml""	""Solution for injection""	""Intravenous""	""Unknown""	""Dipyridamole""",
"""56996""",UNKNOWN,true,"6	""Aspirin 75mg dispersible tablets (Waymade Healthcare Plc)""	""Aspirin""	""75mg""	""Dispersible tablet""	""Oral""	""Antiplatelet Products""	""Aspirin""",
"""7518""",UNKNOWN,true,"889	""Aspirin 400mg with Codeine 8mg dispersible tablets""	""Aspirin""	""400mg + 8mg""	""Dispersible Tablet""	""Oral""	""Non-Opioid And Compound Analgesics/Opioid Analgesics""	""Aspirin""",
"""7769""",UNKNOWN,true,"133	""ASPIRIN/PARACETAMOL TAB""	""Aspirin""	NA	""Tablet""	""Oral""	""Unknown""	""Aspirin""",
"""1486""",UNKNOWN,true,"4789	""ASPIRIN 75 MG SUP""	""Aspirin""	NA	""Suppository""	""Rectal""	""Unknown""	""Aspirin""",
"""9301""",UNKNOWN,true,"6454	""Aspirin 100mg modified-release tablets""	""Aspirin""	""100mg""	""Modified Release Tablet""	""Oral""	""Antiplatelet Products""	""Aspirin""",
"""6006""",UNKNOWN,true,"80085	""Nu-Seals 75 gastro-resistant tablets (Alliance Pharmaceuticals Ltd)""	""Aspirin""	""75mg""	""Gastro-resistant tablet""	""Oral""	""Antiplatelet Products""	""Aspirin""",
"""33662""",UNKNOWN,true,"3	""Aspirin 300mg Dispersible tablet (A A H Pharmaceuticals Ltd)""	""Aspirin""	""300mg""	""Dispersible tablet""	""Oral""	""Antiplatelet Products/Non-Opioid And Compound Analgesics""	""Aspirin""",
"""71676""",UNKNOWN,true,"0	""Aspirin 75mg dispersible tablets (Mawdsley-Brooks & Company Ltd)""	""Aspirin""	""75mg""	""Dispersible tablet""	""Oral""	""Antiplatelet Products""	""Aspirin""",
"""29848""",UNKNOWN,true,"4	""Aspirin 300mg with Glycine 150mg chewable tablets""	""Aspirin""	""300mg + 150mg""	""Chewable Tablet""	""Oral""	""Antiplatelet Products/Non-Opioid And Compound Analgesics""	""Aspirin""",
"""7520""",UNKNOWN,true,"18	""Anadin Extra soluble tablets (Haleon UK Trading Ltd)""	""Aspirin""	""45mg + 300mg + 200mg""	""Soluble tablet""	""Oral""	""Other Non Opioid Analgesics""	""Aspirin""",
"""52280""",UNKNOWN,true,"0	""Aspirin 300mg Tablet (Wockhardt UK Ltd)""	""Aspirin""	""300mg""	""Oral tablet""	""Oral""	""Antiplatelet Products/Non-Opioid And Compound Analgesics""	""Aspirin""",
"""3832""",UNKNOWN,true,"324828	""Persantin Retard 200mg capsules (Boehringer Ingelheim Ltd)""	""Dipyridamole""	""200mg""	""Modified-release capsule""	""Oral""	""Antiplatelet Products""	""Dipyridamole""",
"""43679""",UNKNOWN,true,"1	""Flamasacard 162.5mg Modified-release capsule (Abbey Pharmaceuticals Ltd)""	""Aspirin""	""162.5mg""	""Modified-Release Capsule""	""Oral""	""Antiplatelet Products""	""Aspirin""",
"""44311""",UNKNOWN,true,"25	""DEXTROPROPOXYPHENE NAPSYLATE/ASPIRIN 100 MG TAB""	""Aspirin""	NA	""Tablet""	""Oral""	""Unknown""	""Aspirin""",
"""40381""",UNKNOWN,true,"97	""Aspirin 75mg Soluble tablet (C P Pharmaceuticals Ltd)""	""Aspirin""	""75mg""	""Dispersible tablet""	""Oral""	""Antiplatelet Products""	""Aspirin""",
"""8186""",UNKNOWN,true,"1156	""Aspirin 300mg modified-release tablets""	""Aspirin""	""300mg""	""Modified-release tablet""	""Oral""	""Antiplatelet Products/Non-Opioid And Compound Analgesics""	""Aspirin""",
"""41766""",UNKNOWN,true,"11	""Maximum Strength Aspro Clear 500mg effervescent tablets (Bayer Plc)""	""Aspirin""	""500mg""	""Effervescent tablet""	""Oral""	""Antiplatelet Products/Non-Opioid And Compound Analgesics""	""Aspirin""",
"""48974""",UNKNOWN,true,"2033	""Aspirin 75mg tablets (Phoenix Healthcare Distribution Ltd)""	""Aspirin""	""75mg""	""Oral tablet""	""Oral""	""Antiplatelet Products""	""Aspirin""",
"""22232""",UNKNOWN,true,"80	""Disprin Direct 300mg orodispersible tablets (Reckitt Benckiser Healthcare (UK) Ltd)""	""Aspirin""	""300mg""	""Orodispersible tablet""	""Oral""	""Antiplatelet Products/Non-Opioid And Compound Analgesics""	""Aspirin""",
"""31870""",UNKNOWN,true,"18	""Aspirin 320mg tablets""	""Aspirin""	""320mg""	""Tablets""	""Oral""	""Antiplatelet Products/Non-Opioid And Compound Analgesics""	""Aspirin""",
"""38998""",UNKNOWN,true,"17	""Plavix 300mg tablets (Sanofi)""	""Clopidogrel""	""300mg""	""Oral tablet""	""Oral""	""Antiplatelet Products""	""Clopidogrel""",
"""58331""",UNKNOWN,true,"1147	""Aspirin 300mg gastro-resistant tablets (Viatris UK Healthcare Ltd)""	""Aspirin""	""300mg""	""Gastro-resistant tablet""	""Oral""	""Antiplatelet Products/Non-Opioid And Compound Analgesics""	""Aspirin""",
"""70841""",UNKNOWN,true,"24	""Aspirin 300mg Dispersible tablet (Family Health)""	""Aspirin""	""300mg""	""Dispersible tablet""	""Oral""	""Antiplatelet Products/Non-Opioid And Compound Analgesics""	""Aspirin""",
"""63603""",UNKNOWN,true,"99	""Laboprin Tablet (Laboratories For Applied Biology Ltd)""	""Aspirin""	""300mg""	""Oral tablet""	""Oral""	""Antiplatelet Products/Non-Opioid And Compound Analgesics""	""Aspirin""",
"""73478""",UNKNOWN,true,"2	""Lloydspharmacy Extra Power Pain Reliever tablets (Lloyds Pharmacy Ltd)""	""Aspirin""	""45mg + 200mg + 300mg""	""Oral tablet""	""Oral""	""Other Non Opioid Analgesics""	""Aspirin""",
"""35967""",UNKNOWN,true,"2	""Paramed Extra Power Pain Control tablets (Galpharm International Ltd)""	""Aspirin""	""45mg + 200mg + 300mg""	""Oral tablet""	""Oral""	""Other Non Opioid Analgesics""	""Aspirin""",
"""77477""",UNKNOWN,true,"175	""Plavix 75mg tablets (Waymade Healthcare Plc)""	""Clopidogrel""	""75mg""	""Oral tablet""	""Oral""	""Antiplatelet Products""	""Clopidogrel""",
"""15352""",UNKNOWN,true,"8	""ASPIRIN & PARACETAMOL TAB""	""Aspirin""	NA	""Tablet""	""Oral""	""Unknown""	""Aspirin""",
"""8920""",UNKNOWN,true,"392	""ASPIRIN SOLUBLE 500 MG TAB""	""Aspirin""	NA	""Tablet""	""Oral""	""Unknown""	""Aspirin""",
"""395""",UNKNOWN,true,"3814	""Aspirin mixture""	""Aspirin""	NA	""Mixture""	""Oromucosal""	""Non-Opioid And Compound Analgesics""	""Aspirin""",
"""75212""",UNKNOWN,true,"2	""Dipyridamole 100mg Tablet (Berk Pharmaceuticals Ltd)""	""Dipyridamole""	""100mg""	""Oral tablet""	""Oral""	""Antiplatelet Products""	""Dipyridamole""",
"""11941""",UNKNOWN,true,"44	""ASPIRIN SACHETS 30 MG""	""Aspirin""	NA	""Granules""	""Oral""	""Unknown""	""Aspirin""",
"""23878""",UNKNOWN,true,"1227	""Nu-seals cardio ec 75mg Gastro-resistant tablet (Genus Pharmaceuticals Ltd)""	""Aspirin""	""75mg""	""Gastro-resistant tablet""	""Oral""	""Antiplatelet Products""	""Aspirin""",
"""21921""",UNKNOWN,true,"314	""Postmi ec 300mg Gastro-resistant tablet (Ashbourne Pharmaceuticals Ltd)""	""Aspirin""	""300mg""	""Gastro-resistant tablet""	""Oral""	""Antiplatelet Products/Non-Opioid And Compound Analgesics""	""Aspirin""",
"""17130""",UNKNOWN,true,"2	""Persantin 10mg/2ml solution for injection ampoules (Boehringer Ingelheim Ltd)""	""Dipyridamole""	""5mg/1ml""	""Solution for injection""	""Intravenous""	""Cardiac Stress Test""	""Dipyridamole""",
"""25284""",UNKNOWN,true,"136	""Cerebrovase 25mg Tablet (Ashbourne Pharmaceuticals Ltd)""	""Dipyridamole""	""25mg""	""Oral tablet""	""Oral""	""Antiplatelet Products""	""Dipyridamole""",
"""17456""",UNKNOWN,true,"56	""Metoclopramide with lysine acetylsalicylate 10mg + 900mg Oral solution""	""Aspirin""	""10mg + 900mg""	""Oral Solution""	""Oral""	""Products Used Against Nausea And Vertigo - Domperidone & Metoclopramide/Acute Migraine""	""Aspirin""",
"""10305""",UNKNOWN,true,"356	""Aspirin 162.5mg capsules""	""Aspirin""	""162.5mg""	""Capsules""	""Oral""	""Antiplatelet Products/Non-Opioid And Compound Analgesics""	""Aspirin""",
"""22824""",UNKNOWN,true,"39	""ASPIRIN disp 600 MG TAB""	""Aspirin""	NA	""Tablet""	""Oral""	""Unknown""	""Aspirin""",
"""48021""",UNKNOWN,true,"0	""Aspirin 75mg Tablet (Hillcross Pharmaceuticals Ltd)""	""Aspirin""	""75mg""	""Oral tablet""	""Oral""	""Antiplatelet Products""	""Aspirin""",
"""434""",UNKNOWN,true,"1226998	""Aspirin 300mg gastro-resistant tablets""	""Aspirin""	""300mg""	""Gastro-resistant tablet""	""Oral""	""Antiplatelet Products/Non-Opioid And Compound Analgesics""	""Aspirin""",
"""56503""",UNKNOWN,true,"208	""Asasantin Retard capsules (Mawdsley-Brooks & Company Ltd)""	""Aspirin/Dipyridamole""	""200mg + 25mg""	""Modified-release capsule""	""Oral""	""Antiplatelet Products""	""Aspirin/Dipyridamole""",
"""31956""",UNKNOWN,true,"96	""Aspirin 75mg gastro-resistant tablets (Kent Pharma (UK) Ltd)""	""Aspirin""	""75mg""	""Gastro-resistant tablet""	""Oral""	""Antiplatelet Products""	""Aspirin""",
"""59791""",UNKNOWN,true,"4	""Aspirin 75mg dispersible tablets (Aspar Pharmaceuticals Ltd)""	""Aspirin""	""75mg""	""Dispersible tablet""	""Oral""	""Antiplatelet Products""	""Aspirin""",
"""15364""",UNKNOWN,true,"2435	""Aspirin 150mg suppositories""	""Aspirin""	""150mg""	""Suppository""	""Rectal""	""Antiplatelet Products/Non-Opioid And Compound Analgesics""	""Aspirin""",
"""47937""",UNKNOWN,true,"0	""Aspirin 75mg dispersible tablets (Wockhardt UK Ltd)""	""Aspirin""	""75mg""	""Dispersible tablet""	""Oral""	""Unknown""	""Aspirin""",
"""46925""",UNKNOWN,true,"28	""Co-codaprin 8mg/400mg dispersible tablets (Actavis UK Ltd)""	""Aspirin""	""8mg + 400mg""	""Dispersible tablet""	""Oral""	""Non-Opioid And Compound Analgesics""	""Aspirin""",
"""51561""",UNKNOWN,true,"0	""Aspirin 75mg gastro-resistant tablets (Zanza Specials International Ltd)""	""Aspirin""	""75mg""	""Gastro-resistant tablet""	""Oral""	""Antiplatelet Products""	""Aspirin""",
"""57057""",UNKNOWN,true,"1	""Aspirin 75mg dispersible tablets (Wockhardt UK Ltd)""	""Aspirin""	""75mg""	""Dispersible tablet""	""Oral""	""Antiplatelet Products""	""Aspirin""",
"""76456""",UNKNOWN,true,"2	""Antoin Tablet (Manufacturer unknown)""	""Aspirin""	""8mg + 400mg""	""Dispersible tablet""	""Oral""	""Non-Opioid And Compound Analgesics/Opioid Analgesics""	""Aspirin""",
"""30022""",UNKNOWN,true,"3	""Fynnon calcium aspirin 500mg Soluble tablet (SSL International Plc)""	""Aspirin""	""500mg""	""Soluble Tablet""	""Oral""	""Non-Opioid And Compound Analgesics""	""Aspirin""",
"""15397""",UNKNOWN,true,"125	""ASPIRIN SOLUBLE 50 MG TAB""	""Aspirin""	NA	""Tablet""	""Oral""	""Unknown""	""Aspirin""",
"""32728""",UNKNOWN,true,"2	""Askit oral powder sachets (Bayer Plc)""	""Aspirin""	""530mg + 140mg + 110mg""	""Oral powder""	""Oral""	""Non-Opioid And Compound Analgesics""	""Aspirin""",
"""60321""",UNKNOWN,true,"0	""Dipyridamole 25mg tablets (Phoenix Healthcare Distribution Ltd)""	""Dipyridamole""	""25mg""	""Oral tablet""	""Oral""	""Antiplatelet Products""	""Dipyridamole""",
"""34796""",UNKNOWN,true,"12	""Aspirin 75mg Gastro-resistant tablet (Galen Ltd)""	""Aspirin""	""75mg""	""Gastro-resistant tablet""	""Oral""	""Antiplatelet Products""	""Aspirin""",
"""55161""",UNKNOWN,true,"2	""Clopidogrel 75mg tablets (Wockhardt UK Ltd)""	""Clopidogrel""	""75mg""	""Oral tablet""	""Oral""	""Antiplatelet Products""	""Clopidogrel""",
"""430""",UNKNOWN,true,"290	""Aspirin 500mg / Caffeine 32mg capsules""	""Aspirin""	""500mg + 32mg""	""Capsules""	""Oral""	""Non-Opioid And Compound Analgesics""	""Aspirin""",
"""36543""",UNKNOWN,true,"389	""Aspirin 100mg effervescent tablets""	""Aspirin""	""100mg""	""Tablets""	""Oral""	""Antiplatelet Products""	""Aspirin""",
"""489""",UNKNOWN,true,"13364617	""Clopidogrel 75mg tablets""	""Clopidogrel""	""75mg""	""Oral tablet""	""Oral""	""Antiplatelet Products""	""Clopidogrel""",
"""68710""",UNKNOWN,true,"27	""Brilique 60mg tablets (AstraZeneca UK Ltd)""	""Ticagrelor""	""60mg""	""Oral tablet""	""Gastroenteral/Oral""	""Antiplatelet Products""	""Ticagrelor""",
"""24309""",UNKNOWN,true,"2	""Paracetamol 120mg with aspirin 165.3mg & caffeine 60mg powder""	""Aspirin""	""120mg + 165.3mg + 60mg""	""Powders""	""Oral""	""Non-Opioid And Compound Analgesics""	""Aspirin""",
"""27435""",UNKNOWN,true,"1	""Paracetamol 200mg with aspirin 300mg & caffeine 45mg soluble tablet""	""Aspirin""	""200mg + 300mg +45mg""	""Soluble Tablet""	""Oral""	""Non-Opioid And Compound Analgesics""	""Aspirin""",
"""59244""",UNKNOWN,true,"33	""Aspirin 100mg capsules""	""Aspirin""	""100mg""	""Oral capsule""	""Oral""	""Antiplatelet Products/Non-Opioid And Compound Analgesics""	""Aspirin""",
"""52905""",UNKNOWN,true,"0	""Aspirin 300mg tablets (Lloyds Pharmacy Ltd)""	""Aspirin""	""300mg""	""Oral tablet""	""Oral""	""Antiplatelet Products/Non-Opioid And Compound Analgesics""	""Aspirin""",
"""17180""",UNKNOWN,true,"1076	""Metoclopramide with aspirin 5mg + 450mg Effervescent tablet""	""Aspirin""	""5mg + 450mg""	""Effervescent Tablet""	""Oral""	""Products Used Against Nausea And Vertigo - Domperidone & Metoclopramide/Acute Migraine""	""Aspirin""",
"""72650""",UNKNOWN,true,"6	""Dipyridamole oral liquid""	""Dipyridamole""	NA	""Oral solution""	""Oral""	""Antiplatelet Products""	""Dipyridamole""",
"""66171""",UNKNOWN,true,"5	""Aspirin 150mg Suppository (Distriphar (UK))""	""Aspirin""	""150mg""	""Suppository""	""Rectal""	""Non-Opioid And Compound Analgesics""	""Aspirin""",
"""40591""",UNKNOWN,true,"102	""Efient 5mg tablets (Vygoris Ltd)""	""Prasugrel""	""5mg""	""Oral tablet""	""Oral""	""Antiplatelet Products""	""Prasugrel""",
"""20127""",UNKNOWN,true,"117	""Codeine phosphate 8mg with aspirin 400mg with caffeine dispersible tablets""	""Aspirin""	""8mg+400mg""	""Dispersible Tablet""	""Oral""	""Non-Opioid And Compound Analgesics/Opioid Analgesics""	""Aspirin""",
"""14517""",UNKNOWN,true,"72	""Robaxisal forte Tablet (Shire Pharmaceuticals Ltd)""	""Aspirin""	NA	""Tablet""	""Oral""	""Non-Opioid And Compound Analgesics/Skeletal Muscle Relaxants""	""Aspirin""",
"""34434""",UNKNOWN,true,"1091	""Aspirin 75mg dispersible tablets (Thornton & Ross Ltd)""	""Aspirin""	""75mg""	""Dispersible tablet""	""Oral""	""Antiplatelet Products""	""Aspirin""",
"""79364""",UNKNOWN,true,"8	""Dipyridamole 25mg Tablet (Approved Prescription Services Ltd)""	""Dipyridamole""	""25mg""	""Oral tablet""	""Oral""	""Antiplatelet Products""	""Dipyridamole""",
"""13882""",UNKNOWN,true,"8577	""Imazin XL tablets (Napp Pharmaceuticals Ltd)""	""Aspirin""	""75mg + 60mg""	""Modified-release tablet""	""Oral""	""Unknown""	""Aspirin""",
"""70549""",UNKNOWN,true,"10	""Danamep 75mg dispersible tablets (Ecogen Europe Ltd)""	""Aspirin""	""75mg""	""Dispersible tablet""	""Oral""	""Antiplatelet Products""	""Aspirin""",
"""30920""",UNKNOWN,true,"14	""Aspirin 300mg Dispersible tablet (M & A Pharmachem Ltd)""	""Aspirin""	""300mg""	""Dispersible tablet""	""Oral""	""Antiplatelet Products/Non-Opioid And Compound Analgesics""	""Aspirin""",
"""77428""",UNKNOWN,true,"595	""Persantin Retard 200mg capsules (Dowelhurst Ltd)""	""Dipyridamole""	""200mg""	""Modified-release capsule""	""Oral""	""Antiplatelet Products""	""Dipyridamole""",
"""31894""",UNKNOWN,true,"1	""Safapryn -Co Tablet (Pfizer Ltd)""	""Aspirin""	NA	""Tablet""	""Oral""	""Non-Opioid And Compound Analgesics""	""Aspirin""",
"""24427""",UNKNOWN,true,"10	""ANHYDROUS CITRIC ACID /ASPIRIN /CALCIUM 8 MG TAB""	""Aspirin""	NA	""Tablet""	""Oral""	""Unknown""	""Aspirin""",
"""58112""",UNKNOWN,true,"2	""Alka-Seltzer effervescent tablets original (Bayer Plc)""	""Aspirin""	""965mg + 324mg + 1.625gram""	""Effervescent tablet""	""Oral""	""Other Non Opioid Analgesics""	""Aspirin""",
"""7944""",UNKNOWN,true,"94	""ASPIRIN SOLUBLE 40 MG CAP""	""Aspirin""	NA	NA	NA	""Unknown""	""Aspirin""",
"""15044""",UNKNOWN,true,"120	""ASPIRIN disp 500 MG TAB""	""Aspirin""	NA	""Tablet""	""Oral""	""Unknown""	""Aspirin""",
"""54284""",UNKNOWN,true,"56	""Aspirin 75mg dispersible tablets (Almus Pharmaceuticals Ltd)""	""Aspirin""	""75mg""	""Dispersible tablet""	""Oral""	""Antiplatelet Products""	""Aspirin""",
"""32154""",UNKNOWN,true,"3	""Anadin Soluble tablet (Wyeth Consumer Healthcare)""	""Aspirin""	NA	""Soluble Tablet""	""Oral""	""Non-Opioid And Compound Analgesics""	""Aspirin""",
"""85588""",UNKNOWN,true,"0	""Aspirin 75mg gastro-resistant tablets (Medihealth (Northern) Ltd)""	""Aspirin""	""75mg""	""Gastro-resistant tablet""	""Oral""	""Antiplatelet Products""	""Aspirin""",
"""37541""",UNKNOWN,true,"0	""Aspirin 227mg medicated chewing-gum""	""Aspirin""	""227mg""	""Chewing Gum""	""Oromucosal""	""Antiplatelet Products/Non-Opioid And Compound Analgesics""	""Aspirin""",
"""254""",UNKNOWN,true,"625755	""Aspirin 300mg tablets""	""Aspirin""	""300mg""	""Oral tablet""	""Oral""	""Antiplatelet Products/Non-Opioid And Compound Analgesics""	""Aspirin""",
"""23250""",UNKNOWN,true,"7	""ASPIRIN /ETHOHEPTAZINE CITRATE /MEPROBAM 250 MG TAB""	""Aspirin""	NA	""Tablet""	""Oral""	""Unknown""	""Aspirin""",
"""59904""",UNKNOWN,true,"1438	""Clopidogrel 75mg/5ml oral solution""	""Clopidogrel""	""15mg/1ml""	""Oral solution""	""Oral""	""Antiplatelet Products""	""Clopidogrel""",
"""39932""",UNKNOWN,true,"93060	""Prasugrel 10mg tablets""	""Prasugrel""	""10mg""	""Oral tablet""	""Oral""	""Antiplatelet Products""	""Prasugrel""",
"""12964""",UNKNOWN,true,"147	""Aspirin 600mg / Caffeine 50mg oral powder sachets sugar free""	""Aspirin""	""600mg + 50mg""	""Oral powder""	""Oral""	""Non-Opioid And Compound Analgesics""	""Aspirin""",
"""56007""",UNKNOWN,true,"0	""Aspirin 300mg dispersible tablets (Sigma Pharmaceuticals Plc)""	""Aspirin""	""300mg""	""Dispersible tablet""	""Oral""	""Antiplatelet Products/Non-Opioid And Compound Analgesics""	""Aspirin""",
"""25232""",UNKNOWN,true,"238	""Vasyrol cold sore 100mg Tablet (Shire Pharmaceuticals Ltd)""	""Dipyridamole""	""100mg""	""Oral tablet""	""Oral""	""Antiplatelet Products""	""Dipyridamole""",
"""25718""",UNKNOWN,true,"1349	""Angettes 75 tablets (Bristol-Myers Squibb Pharmaceuticals Ltd)""	""Aspirin""	""75mg""	""Oral tablet""	""Oral""	""Antiplatelet Products/Non-Opioid And Compound Analgesics""	""Aspirin""",
"""31938""",UNKNOWN,true,"4989	""Aspirin 75mg gastro-resistant tablets (Sandoz Ltd)""	""Aspirin""	""75mg""	""Gastro-resistant tablet""	""Oral""	""Antiplatelet Products""	""Aspirin""",
"""22776""",UNKNOWN,true,"3	""Aspirin 500mg with Cyclizine 25mg effervescent tablets""	""Aspirin""	""500mg+25mg""	""Effervescent Tablet""	""Oral""	""Antihistamines Used For Nausea And Vomiting/Acute Migraine""	""Aspirin""",
"""59253""",UNKNOWN,true,"15	""Aspirin 75mg gastro-resistant tablets (Waymade Healthcare Plc)""	""Aspirin""	""75mg""	""Gastro-resistant tablet""	""Oral""	""Antiplatelet Products""	""Aspirin""",
"""32036""",UNKNOWN,true,"50276	""Aspirin 75mg dispersible tablets (Accord-UK Ltd)""	""Aspirin""	""75mg""	""Dispersible tablet""	""Oral""	""Antiplatelet Products""	""Aspirin""",
"""34386""",UNKNOWN,true,"1186	""Aspirin 300mg tablets (Accord-UK Ltd)""	""Aspirin""	""300mg""	""Oral tablet""	""Oral""	""Antiplatelet Products/Non-Opioid And Compound Analgesics""	""Aspirin""",
"""67160""",UNKNOWN,true,"0	""Aspirin 300mg dispersible tablets (Lloyds Pharmacy Ltd)""	""Aspirin""	""300mg""	""Dispersible tablet""	""Oral""	""Antiplatelet Products/Non-Opioid And Compound Analgesics""	""Aspirin""",
"""21770""",UNKNOWN,true,"185	""Paracetamol 200mg with aspirin 300mg dispersible tablet""	""Aspirin""	""200mg + 300mg""	""Dispersible Tablet""	""Oral""	""Non-Opioid And Compound Analgesics""	""Aspirin""",
"""79812""",UNKNOWN,true,"3	""Aspirin 75mg tablets (Kent Pharma (UK) Ltd)""	""Aspirin""	""75mg""	""Oral tablet""	""Oral""	""Antiplatelet Products""	""Aspirin""",
"""40114""",UNKNOWN,true,"8960	""Prasugrel 5mg tablets""	""Prasugrel""	""5mg""	""Oral tablet""	""Oral""	""Antiplatelet Products""	""Prasugrel""",
"""52044""",UNKNOWN,true,"2	""Aspirin 300mg caplets (The Boots Company Plc)""	""Aspirin""	""300mg""	""Oral tablet""	""Oral""	""Antiplatelet Products/Non-Opioid And Compound Analgesics""	""Aspirin""",
"""771""",UNKNOWN,true,"81067	""Dipyridamole 25mg tablets""	""Dipyridamole""	""25mg""	""Oral tablet""	""Oral""	""Antiplatelet Products""	""Dipyridamole""",
"""26967""",UNKNOWN,true,"76	""Alka-Seltzer XS effervescent tablets (Bayer Plc)""	""Aspirin""	""133mg + 267mg + 40mg + 954mg + 1.606gram""	""Effervescent tablet""	""Oral""	""Other Non Opioid Analgesics""	""Aspirin""",
"""34762""",UNKNOWN,true,"71	""Aspirin 300mg Gastro-resistant tablet (Galen Ltd)""	""Aspirin""	""300mg""	""Gastro-resistant tablet""	""Oral""	""Antiplatelet Products/Non-Opioid And Compound Analgesics""	""Aspirin""",
"""18329""",UNKNOWN,true,"303	""Enprin 75mg gastro-resistant tablets (Galpharm International Ltd)""	""Aspirin""	""75mg""	""Gastro-resistant tablet""	""Oral""	""Antiplatelet Products/Non-Opioid And Compound Analgesics""	""Aspirin""",
"""15517""",UNKNOWN,true,"14	""ASPIRIN 100 MG SUP""	""Aspirin""	NA	""Suppository""	""Rectal""	""Unknown""	""Aspirin""",
"""68764""",UNKNOWN,true,"112	""Molita 200mg/25mg modified-release capsules (Dr Reddy's Laboratories (UK) Ltd)""	""Aspirin/Dipyridamole""	""200mg + 25mg""	""Modified-release capsule""	""Oral""	""Antiplatelet Products""	""Aspirin/Dipyridamole""",
"""22305""",UNKNOWN,true,"16	""Disprin Extra dispersible tablets (Reckitt Benckiser Healthcare (UK) Ltd)""	""Aspirin""	""300mg + 200mg""	""Dispersible tablet""	""Oral""	""Non-Opioid And Compound Analgesics""	""Aspirin""",
"""64837""",UNKNOWN,true,"4	""Ofcram PR 200mg capsules (Advanz Pharma)""	""Dipyridamole""	""200mg""	""Modified-release capsule""	""Oral""	""Antiplatelet Products""	""Dipyridamole""",
"""45840""",UNKNOWN,true,"14	""Aspirin 300mg Dispersible tablet (Numark Management Ltd)""	""Aspirin""	""300mg""	""Dispersible tablet""	""Oral""	""Antiplatelet Products/Non-Opioid And Compound Analgesics""	""Aspirin""",
"""53791""",UNKNOWN,true,"0	""Aspirin 150mg suppositories (Alliance Healthcare (Distribution) Ltd)""	""Aspirin""	""150mg""	""Suppository""	""Rectal""	""Antiplatelet Products/Non-Opioid And Compound Analgesics""	""Aspirin""",
"""836""",UNKNOWN,true,"157404	""Plavix 75mg tablets (Sanofi)""	""Clopidogrel""	""75mg""	""Oral tablet""	""Oral""	""Antiplatelet Products""	""Clopidogrel""",
"""88720""",UNKNOWN,true,"0	""Aspirin 75mg gastro-resistant tablets (Sigma Pharmaceuticals Plc)""	""Aspirin""	""75mg""	""Gastro-resistant tablet""	""Oral""	""Antiplatelet Products""	""Aspirin""",
"""6696""",UNKNOWN,true,"5026	""Micropirin 75mg gastro-resistant tablets (Dexcel-Pharma Ltd)""	""Aspirin""	""75mg""	""Gastro-resistant tablet""	""Oral""	""Antiplatelet Products/Non-Opioid And Compound Analgesics""	""Aspirin""",
"""50949""",UNKNOWN,true,"4176	""Aspirin 75mg tablets (A A H Pharmaceuticals Ltd)""	""Aspirin""	""75mg""	""Oral tablet""	""Oral""	""Antiplatelet Products""	""Aspirin""",
"""5882""",UNKNOWN,true,"23646	""Dipyridamole 50mg/5ml oral suspension sugar free""	""Dipyridamole""	""10mg/1ml""	""Oral suspension""	""Oral""	""Antiplatelet Products""	""Dipyridamole""",
"""60605""",UNKNOWN,true,"0	""Dipyridamole 25mg tablets (A A H Pharmaceuticals Ltd)""	""Dipyridamole""	""25mg""	""Oral tablet""	""Oral""	""Antiplatelet Products""	""Dipyridamole""",
"""60694""",UNKNOWN,true,"1	""Aspirin 25mg/5ml oral solution""	""Aspirin""	""5mg/1ml""	""Oral solution""	""Oral""	""Antiplatelet Products/Non-Opioid And Compound Analgesics/Acute Migraine/Non-Steroidal Anti-Inflammatory Drugs""	""Aspirin""",
"""7539""",UNKNOWN,true,"5	""Beechams Powders oral powder sachets (Haleon UK Trading Ltd)""	""Aspirin""	""600mg + 50mg""	""Oral powder""	""Oral""	""Non-Opioid And Compound Analgesics""	""Aspirin""",
"""32992""",UNKNOWN,true,"103	""Aspirin 75mg gastro-resistant tablets (Viatris UK Healthcare Ltd)""	""Aspirin""	""75mg""	""Gastro-resistant tablet""	""Oral""	""Antiplatelet Products""	""Aspirin""",
"""306""",UNKNOWN,true,"1817	""Aspirin with codeine phosphate and caffeine tablets""	""Aspirin""	NA	""Tablets""	""Oral""	""Non-Opioid And Compound Analgesics/Opioid Analgesics""	""Aspirin""",
"""24025""",UNKNOWN,true,"1817	""Caprin 300mg gastro-resistant tablets (Pinewood Healthcare)""	""Aspirin""	""300mg""	""Gastro-resistant tablet""	""Oral""	""Antiplatelet Products/Non-Opioid And Compound Analgesics""	""Aspirin""",
"""66784""",UNKNOWN,true,"714	""Attia 200mg modified-release capsules (Dr Reddy's Laboratories (UK) Ltd)""	""Dipyridamole""	""200mg""	""Modified-release capsule""	""Oral""	""Antiplatelet Products""	""Dipyridamole""",
"""11961""",UNKNOWN,true,"22	""Veganin Tablet (Pfizer Consumer Healthcare Ltd)""	""Aspirin""	NA	""Tablet""	""Oral""	""Non-Opioid And Compound Analgesics""	""Aspirin""",
"""41512""",UNKNOWN,true,"5442	""Aspirin 75mg gastro-resistant tablets (Teva UK Ltd)""	""Aspirin""	""75mg""	""Gastro-resistant tablet""	""Oral""	""Antiplatelet Products""	""Aspirin""",
"""3386""",UNKNOWN,true,"13707	""Migravess forte 5mg+450mg Effervescent tablet (Bayer Plc)""	""Aspirin""	""5mg+450mg""	""Effervescent Tablet""	""Oral""	""Products Used Against Nausea And Vertigo - Domperidone & Metoclopramide/Acute Migraine""	""Aspirin""",
"""28707""",UNKNOWN,true,"6	""ASPIRIN M/F 324 MG TAB""	""Aspirin""	NA	""Tablet""	""Oral""	""Unknown""	""Aspirin""",
"""34""",UNKNOWN,true,"11910760	""Aspirin 75mg gastro-resistant tablets""	""Aspirin""	""75mg""	""Gastro-resistant tablet""	""Oral""	""Antiplatelet Products""	""Aspirin""",
"""46976""",UNKNOWN,true,"1	""Dipyridamole 100mg tablets (Kent Pharma (UK) Ltd)""	""Dipyridamole""	""100mg""	""Oral tablet""	""Oral""	""Antiplatelet Products""	""Dipyridamole""",
"""53178""",UNKNOWN,true,"392	""Aspirin 75mg gastro-resistant tablets (Wockhardt UK Ltd)""	""Aspirin""	""75mg""	""Gastro-resistant tablet""	""Oral""	""Antiplatelet Products""	""Aspirin""",
"""32314""",UNKNOWN,true,"0	""Aspirin with aloxiprin and caffeine powder""	""Aspirin""	NA	""Powder""	""Oral""	""Non-Opioid And Compound Analgesics""	""Aspirin""",
"""58347""",UNKNOWN,true,"0	""Clopidogrel 75mg tablets (DE Pharmaceuticals)""	""Clopidogrel""	""75mg""	""Oral tablet""	""Oral""	""Antiplatelet Products""	""Clopidogrel""",
"""56995""",UNKNOWN,true,"0	""Aspirin 75mg dispersible tablets (Phoenix Healthcare Distribution Ltd)""	""Aspirin""	""75mg""	""Dispersible tablet""	""Oral""	""Antiplatelet Products""	""Aspirin""",
"""83747""",UNKNOWN,true,"92	""Clopidogrel 75mg tablets (Torrent Pharma (UK) Ltd)""	""Clopidogrel""	""75mg""	""Oral tablet""	""Oral""	""Antiplatelet Products""	""Clopidogrel""",
"""22138""",UNKNOWN,true,"121	""Aspirin 324mg modified-release tablets""	""Aspirin""	""324mg""	""Modified Release Tablet""	""Oral""	""Antiplatelet Products""	""Aspirin""",
"""64222""",UNKNOWN,true,"138	""Dipyridamole 50mg/5ml oral solution""	""Dipyridamole""	""10mg/1ml""	""Oral solution""	""Oral""	""Antiplatelet Products""	""Dipyridamole""",
"""19255""",UNKNOWN,true,"5	""Paracetamol 200mg with aspirin 300mg & caffeine 45mg tablet""	""Aspirin""	""200mg + 300mg +45mg""	""Tablets""	""Oral""	""Non-Opioid And Compound Analgesics""	""Aspirin""",
"""77617""",UNKNOWN,true,"1	""Clopidogrel 75mg oral powder sachets""	""Clopidogrel""	""75mg""	""Oral powder""	""Oral""	""Antiplatelet Products""	""Clopidogrel""",
"""13598""",UNKNOWN,true,"22	""ASPIRIN & CODEINE 500 MG TAB""	""Aspirin""	NA	""Tablet""	""Oral""	""Unknown""	""Aspirin""",
"""7417""",UNKNOWN,true,"8	""ASPIRIN 40 MG TAB""	""Aspirin""	NA	""Tablet""	""Oral""	""Unknown""	""Aspirin""",
"""75591""",UNKNOWN,true,"1	""Aspirin 300mg Tablet (Galpharm International Ltd)""	""Aspirin""	""300mg""	""Oral tablet""	""Oral""	""Antiplatelet Products/Non-Opioid And Compound Analgesics""	""Aspirin""",
"""40144""",UNKNOWN,true,"2	""Aspirin 300mg Dispersible tablet (Thornton & Ross Ltd)""	""Aspirin""	""300mg""	""Dispersible tablet""	""Oral""	""Antiplatelet Products/Non-Opioid And Compound Analgesics""	""Aspirin""",
"""60127""",UNKNOWN,true,"0	""Aspirin 75mg tablets (DE Pharmaceuticals)""	""Aspirin""	""75mg""	""Oral tablet""	""Oral""	""Antiplatelet Products""	""Aspirin""",
"""30432""",UNKNOWN,true,"2	""ASPIRIN & DOVER'S pwdr TAB""	""Aspirin""	NA	""Tablet""	""Oral""	""Unknown""	""Aspirin""",
"""45851""",UNKNOWN,true,"19	""Aspirin 300mg Soluble tablet (Ranbaxy (UK) Ltd)""	""Aspirin""	""300mg""	""Dispersible tablet""	""Oral""	""Antiplatelet Products/Non-Opioid And Compound Analgesics""	""Aspirin""",
"""30975""",UNKNOWN,true,"1	""Modaplate 25mg Tablet (Berk Pharmaceuticals Ltd)""	""Dipyridamole""	""25mg""	""Oral tablet""	""Oral""	""Antiplatelet Products""	""Dipyridamole""",
"""19577""",UNKNOWN,true,"34	""NU-SEALS ASPIRIN""	""Aspirin""	NA	NA	NA	""Unknown""	""Aspirin""",
"""19797""",UNKNOWN,true,"1	""NU-SEALS ASPIRIN""	""Aspirin""	NA	NA	NA	""Unknown""	""Aspirin""",
"""52618""",UNKNOWN,true,"54	""Aspirin 75mg dispersible tablets (Bristol Laboratories Ltd)""	""Aspirin""	""75mg""	""Dispersible tablet""	""Oral""	""Antiplatelet Products""	""Aspirin""",
"""33293""",UNKNOWN,true,"1	""Aspirin 75mg gastro-resistant tablets (Sterwin Medicines)""	""Aspirin""	""75mg""	""Gastro-resistant tablet""	""Oral""	""Antiplatelet Products""	""Aspirin""",
"""81353""",UNKNOWN,true,"10	""Femigraine Effervescent tablet (Nicholas Laboratories Ltd)""	""Aspirin""	NA	""Effervescent Tablet""	""Oral""	""Antihistamines Used For Nausea And Vomiting/Acute Migraine""	""Aspirin""",
"""74387""",UNKNOWN,true,"278	""Generic Radian B Muscle lotion""	""Aspirin""	""6mg/1ml + 12mg/1ml + 6mg/1ml + 14mg/1ml""	""Cutaneous liquid""	""Cutaneous""	""Rubefacients And Other Topical Antirheumatics - Capsaicin""	""Aspirin""",
"""2628""",UNKNOWN,true,"116501	""Nu-seals aspirin ec 75mg Gastro-resistant tablet (Eli Lilly and Company Ltd)""	""Aspirin""	""75mg""	""Gastro-resistant tablet""	""Oral""	""Antiplatelet Products""	""Aspirin""",
"""54734""",UNKNOWN,true,"0	""Aspirin 300mg tablets (Wockhardt UK Ltd)""	""Aspirin""	""300mg""	""Oral tablet""	""Oral""	""Antiplatelet Products/Non-Opioid And Compound Analgesics""	""Aspirin""",
"""73435""",UNKNOWN,true,"0	""Dipyridamole 100mg tablets (DE Pharmaceuticals)""	""Dipyridamole""	""100mg""	""Oral tablet""	""Oral""	""Antiplatelet Products""	""Dipyridamole""",
"""63450""",UNKNOWN,true,"1	""Clopidogrel 75mg tablets (Almus Pharmaceuticals Ltd)""	""Clopidogrel""	""75mg""	""Oral tablet""	""Oral""	""Antiplatelet Products""	""Clopidogrel""",
"""62978""",UNKNOWN,true,"6	""Clopidogrel 75mg tablets (Sandoz Ltd)""	""Clopidogrel""	""75mg""	""Oral tablet""	""Oral""	""Antiplatelet Products""	""Clopidogrel""",
"""75489""",UNKNOWN,true,"0	""Aspirin 300mg gastro-resistant tablets (Advanz Pharma)""	""Aspirin""	""300mg""	""Gastro-resistant tablet""	""Oral""	""Antiplatelet Products/Non-Opioid And Compound Analgesics""	""Aspirin""",
"""216""",UNKNOWN,true,"3111	""ASPIRIN 70 MG TAB""	""Aspirin""	NA	""Tablet""	""Oral""	""Unknown""	""Aspirin""",
"""38349""",UNKNOWN,true,"1164	""Clopidogrel 300mg tablets""	""Clopidogrel""	""300mg""	""Oral tablet""	""Oral""	""Antiplatelet Products""	""Clopidogrel""",
"""54997""",UNKNOWN,true,"0	""Aspirin 75mg dispersible tablets (Dowelhurst Ltd)""	""Aspirin""	""75mg""	""Dispersible tablet""	""Oral""	""Antiplatelet Products""	""Aspirin""",
"""111""",UNKNOWN,true,"1185	""ASPIRIN 40 MG CAP""	""Aspirin""	NA	NA	NA	""Unknown""	""Aspirin""",
"""25959""",UNKNOWN,true,"3	""ASPIRIN/CAFFEINE/DEXTROPROPOXYPHENE NAPS PUL""	""Aspirin""	NA	NA	NA	""Unknown""	""Aspirin""",
"""8733""",UNKNOWN,true,"146	""JUNIOR ASPIRIN 37.5 MG TAB""	""Aspirin""	NA	""Tablet""	""Oral""	""Unknown""	""Aspirin""",
"""53711""",UNKNOWN,true,"0	""Aspirin 300mg Tablet (Nucare Plc)""	""Aspirin""	""300mg""	""Oral tablet""	""Oral""	""Antiplatelet Products/Non-Opioid And Compound Analgesics""	""Aspirin""",
"""56807""",UNKNOWN,true,"61	""Clopidogrel 75mg tablets (Teva UK Ltd)""	""Clopidogrel""	""75mg""	""Oral tablet""	""Oral""	""Antiplatelet Products""	""Clopidogrel""",
"""66840""",UNKNOWN,true,"42	""Dipyridamole 200mg/5ml oral suspension sugar free""	""Dipyridamole""	""40mg/1ml""	""Oral suspension""	""Oral""	""Antiplatelet Products""	""Dipyridamole""",
"""76589""",UNKNOWN,true,"58	""Clopidogrel 75mg tablets (Krka UK Ltd)""	""Clopidogrel""	""75mg""	""Oral tablet""	""Oral""	""Antiplatelet Products""	""Clopidogrel""",
"""81574""",UNKNOWN,true,"9	""Aspirin with codeine Tablet (Approved Prescription Services Ltd)""	""Aspirin""	NA	""Tablet""	""Oral""	""Non-Opioid And Compound Analgesics/Opioid Analgesics""	""Aspirin""",
"""85391""",UNKNOWN,true,"0	""Clopidogrel 75mg tablets (Accord-UK Ltd)""	""Clopidogrel""	""75mg""	""Oral tablet""	""Oral""	""Antiplatelet Products""	""Clopidogrel""",
"""25433""",UNKNOWN,true,"34	""Radian B Muscle lotion (Thornton & Ross Ltd)""	""Aspirin""	""6mg/1ml + 12mg/1ml + 6mg/1ml + 14mg/1ml""	""Cutaneous liquid""	""Cutaneous""	""Rubefacients And Other Topical Antirheumatics - Capsaicin""	""Aspirin""",
"""68051""",UNKNOWN,true,"3	""Aspirin 150mg suppositories (Colorama Pharmaceuticals Ltd)""	""Aspirin""	""150mg""	""Suppository""	""Rectal""	""Antiplatelet Products/Non-Opioid And Compound Analgesics""	""Aspirin""",
"""60693""",UNKNOWN,true,"3	""Aspirin 15mg/5ml oral solution""	""Aspirin""	""3mg/1ml""	""Oral solution""	""Oral""	""Antiplatelet Products/Non-Opioid And Compound Analgesics/Acute Migraine/Non-Steroidal Anti-Inflammatory Drugs""	""Aspirin""",
"""9939""",UNKNOWN,true,"4913	""Aspirin 500mg effervescent tablets sugar free""	""Aspirin""	""500mg""	""Effervescent tablet""	""Oral""	""Antiplatelet Products/Non-Opioid And Compound Analgesics""	""Aspirin""",
"""29054""",UNKNOWN,true,"13	""Methocarbamol with aspirin Tablet""	""Aspirin""	NA	""Tablet""	""Oral""	""Non-Opioid And Compound Analgesics/Skeletal Muscle Relaxants""	""Aspirin""",
"""79306""",UNKNOWN,true,"53	""Clopidogrel 5mg/5ml oral solution""	""Clopidogrel""	""1mg/1ml""	""Oral solution""	""Oral""	""Antiplatelet Products""	""Clopidogrel""",
"""49060""",UNKNOWN,true,"11	""Aspirin 75mg dispersible tablets (Alliance Healthcare (Distribution) Ltd)""	""Aspirin""	""75mg""	""Dispersible tablet""	""Oral""	""Antiplatelet Products""	""Aspirin""",
"""24857""",UNKNOWN,true,"14	""ASPIRIN 250 MG SUP""	""Aspirin""	NA	""Suppository""	""Rectal""	""Unknown""	""Aspirin""",
"""71078""",UNKNOWN,true,"0	""Aspirin 300mg dispersible tablets (Mawdsley-Brooks & Company Ltd)""	""Aspirin""	""300mg""	""Dispersible tablet""	""Oral""	""Antiplatelet Products/Non-Opioid And Compound Analgesics""	""Aspirin""",
"""34942""",UNKNOWN,true,"18	""Aspirin 75mg Dispersible tablet (Nucare Plc)""	""Aspirin""	""75mg""	""Dispersible tablet""	""Oral""	""Antiplatelet Products""	""Aspirin""",
"""65027""",UNKNOWN,true,"1	""Bisoprolol 5mg / Aspirin 100mg capsules""	""Aspirin""	""5mg + 100mg""	""Oral capsule""	""Oral""	""Beta-Adrenoceptor Blockers/Antiplatelet Products""	""Aspirin""",
"""45576""",UNKNOWN,true,"249680	""Ticagrelor 90mg tablets""	""Ticagrelor""	""90mg""	""Oral tablet""	""Gastroenteral/Oral""	""Antiplatelet Products""	""Ticagrelor""",
"""33317""",UNKNOWN,true,"1	""Aspirin with Sodium bicarbonate with Citric acid effervescent tablets""	""Aspirin""	NA	""Effervescent Tablet""	""Oral""	""Non-Opioid And Compound Analgesics""	""Aspirin""",
"""18030""",UNKNOWN,true,"2172	""Imazin XL forte tablets (Napp Pharmaceuticals Ltd)""	""Aspirin""	""150mg + 60mg""	""Modified-release tablet""	""Oral""	""Unknown""	""Aspirin""",
"""23491""",UNKNOWN,true,"3	""ASPIRIN 500 MG SUP""	""Aspirin""	NA	""Suppository""	""Rectal""	""Unknown""	""Aspirin""",
"""26099""",UNKNOWN,true,"6	""ASPIRIN 175 MG SUP""	""Aspirin""	NA	""Suppository""	""Rectal""	""Unknown""	""Aspirin""",
"""24960""",UNKNOWN,true,"0	""Aspirin 300mg tablets (Vantage)""	""Aspirin""	""300mg""	""Oral tablet""	""Oral""	""Antiplatelet Products/Non-Opioid And Compound Analgesics""	""Aspirin""",
"""56883""",UNKNOWN,true,"21	""Aspirin 75mg tablets (Waymade Healthcare Plc)""	""Aspirin""	""75mg""	""Oral tablet""	""Oral""	""Antiplatelet Products""	""Aspirin""",
"""31953""",UNKNOWN,true,"21828	""Aspirin 75mg dispersible tablets (IVAX Pharmaceuticals UK Ltd)""	""Aspirin""	""75mg""	""Dispersible tablet""	""Oral""	""Antiplatelet Products""	""Aspirin""",
"""9432""",UNKNOWN,true,"644	""Aspirin 500mg / Codeine 8mg soluble tablets""	""Aspirin""	""500mg + 8mg""	""Soluble Tablet""	""Oral""	""Non-Opioid And Compound Analgesics/Opioid Analgesics""	""Aspirin""",
"""17817""",UNKNOWN,true,"39	""CLOPIDOGREL FC""	""Clopidogrel""	NA	NA	NA	""Unknown""	""Clopidogrel""",
"""43806""",UNKNOWN,true,"352	""Aspirin 300mg gastro-resistant tablets (Sandoz Ltd)""	""Aspirin""	""300mg""	""Gastro-resistant tablet""	""Oral""	""Antiplatelet Products/Non-Opioid And Compound Analgesics""	""Aspirin""",
"""77079""",UNKNOWN,true,"2	""Dipyridamole 25mg tablets (Waymade Healthcare Plc)""	""Dipyridamole""	""25mg""	""Oral tablet""	""Oral""	""Antiplatelet Products""	""Dipyridamole""",
"""54353""",UNKNOWN,true,"0	""Generic Anadin Extra soluble tablets sugar free""	""Aspirin""	""45mg + 300mg + 200mg""	""Soluble tablet""	""Oral""	""Other Non Opioid Analgesics""	""Aspirin""",
"""84392""",UNKNOWN,true,"0	""Aspirin 300mg dispersible tablets (Medihealth (Northern) Ltd)""	""Aspirin""	""300mg""	""Dispersible tablet""	""Oral""	""Antiplatelet Products/Non-Opioid And Compound Analgesics""	""Aspirin""",
"""26792""",UNKNOWN,true,"2	""ASPIRIN 125 MG SUP""	""Aspirin""	NA	""Suppository""	""Rectal""	""Unknown""	""Aspirin""",
"""46891""",UNKNOWN,true,"2210	""Clopidogrel 75mg/5ml oral suspension""	""Clopidogrel""	""15mg/1ml""	""Oral suspension""	""Oral""	""Antiplatelet Products""	""Clopidogrel""",
"""7462""",UNKNOWN,true,"61	""ASPIRIN 325 MG CAP""	""Aspirin""	NA	NA	NA	""Unknown""	""Aspirin""",
"""11951""",UNKNOWN,true,"4	""Original Phensic Aspirin tablets (Merck Consumer Health Products)""	""Aspirin""	""325mg + 22mg""	""Oral tablet""	""Oral""	""Unknown""	""Aspirin""",
"""3155""",UNKNOWN,true,"17239	""Migravess 5mg+325mg Effervescent tablet (Bayer Plc)""	""Aspirin""	""5mg+325mg""	""Effervescent Tablet""	""Oral""	""Products Used Against Nausea And Vertigo - Domperidone & Metoclopramide/Acute Migraine""	""Aspirin""",
"""9129""",UNKNOWN,true,"136	""Paracetamol 250mg with aspirin 250mg & codeine 6.8mg tablet""	""Aspirin""	""250mg+250mg+6.8mg""	""Tablets""	""Oral""	""Non-Opioid And Compound Analgesics""	""Aspirin""",
"""28810""",UNKNOWN,true,"28	""Aspirin 300mg with Glycine 133mg soluble tablets""	""Aspirin""	""300mg + 133mg""	""Dissolving Tablets""	""Oral""	""Antiplatelet Products/Non-Opioid And Compound Analgesics""	""Aspirin""",
"""28606""",UNKNOWN,true,"12	""ASPIRIN/CAFFEINE/CODEINE PHOSPHATE 300 MG TAB""	""Aspirin""	NA	""Tablet""	""Oral""	""Unknown""	""Aspirin""",
"""15367""",UNKNOWN,true,"298	""Anadin Extra tablets (Haleon UK Trading Ltd)""	""Aspirin""	""45mg + 200mg + 300mg""	""Oral tablet""	""Oral""	""Other Non Opioid Analgesics""	""Aspirin""",
"""2047""",UNKNOWN,true,"17334	""Co-codaprin 8mg with 400mg tablets""	""Aspirin""	""8mg+400mg""	""Tablets""	""Oral""	""Non-Opioid And Compound Analgesics/Opioid Analgesics""	""Aspirin""",
"""33656""",UNKNOWN,true,"3061	""Aspirin 75mg dispersible tablets (A A H Pharmaceuticals Ltd)""	""Aspirin""	""75mg""	""Dispersible tablet""	""Oral""	""Antiplatelet Products""	""Aspirin""",
"""44639""",UNKNOWN,true,"1	""Aspirin 300mg Dispersible tablet (Nucare Plc)""	""Aspirin""	""300mg""	""Dispersible tablet""	""Oral""	""Antiplatelet Products/Non-Opioid And Compound Analgesics""	""Aspirin""",
"""16""",UNKNOWN,true,"10133031	""Aspirin 75mg tablets""	""Aspirin""	""75mg""	""Oral tablet""	""Oral""	""Antiplatelet Products""	""Aspirin""",
"""84747""",UNKNOWN,true,"0	""Aspirin 300mg dispersible tablets (Numark Ltd)""	""Aspirin""	""300mg""	""Dispersible tablet""	""Oral""	""Antiplatelet Products/Non-Opioid And Compound Analgesics""	""Aspirin""",
"""60278""",UNKNOWN,true,"0	""Aspirin 300mg tablets (DE Pharmaceuticals)""	""Aspirin""	""300mg""	""Oral tablet""	""Oral""	""Antiplatelet Products/Non-Opioid And Compound Analgesics""	""Aspirin""",
"""84924""",UNKNOWN,true,"12	""Aspirin 300mg dispersible tablets (Waymade Healthcare Plc)""	""Aspirin""	""300mg""	""Dispersible tablet""	""Oral""	""Antiplatelet Products/Non-Opioid And Compound Analgesics""	""Aspirin""",
"""77433""",UNKNOWN,true,"770	""Aspirin 300mg gastro-resistant tablets (Waymade Healthcare Plc)""	""Aspirin""	""300mg""	""Gastro-resistant tablet""	""Oral""	""Antiplatelet Products/Non-Opioid And Compound Analgesics""	""Aspirin""",
"""27467""",UNKNOWN,true,"21	""ASPIRIN SOLUBLE 400 MG TAB""	""Aspirin""	NA	""Tablet""	""Oral""	""Unknown""	""Aspirin""",
"""66345""",UNKNOWN,true,"1779	""Aspirin 75mg dispersible tablets (DE Pharmaceuticals)""	""Aspirin""	""75mg""	""Dispersible tablet""	""Oral""	""Antiplatelet Products""	""Aspirin""",
"""7665""",UNKNOWN,true,"806	""ASPIRIN SR 300 MG TAB""	""Aspirin""	NA	""Tablet""	""Oral""	""Unknown""	""Aspirin""",
"""58448""",UNKNOWN,true,"6	""Clopidogrel 75mg tablets (Aspire Pharma Ltd)""	""Clopidogrel""	""75mg""	""Oral tablet""	""Oral""	""Antiplatelet Products""	""Clopidogrel""",
"""82338""",UNKNOWN,true,"0	""Dipyridamole 100mg tablets (Almus Pharmaceuticals Ltd)""	""Dipyridamole""	""100mg""	""Oral tablet""	""Oral""	""Unknown""	""Dipyridamole""",
"""86169""",UNKNOWN,true,"0	""Dipyridamole 100mg tablets (Alliance Healthcare (Distribution) Ltd)""	""Dipyridamole""	""100mg""	""Oral tablet""	""Oral""	""Antiplatelet Products""	""Dipyridamole""",
"""63683""",UNKNOWN,true,"12	""Aspirin with codeine Dispersible tablet (Actavis UK Ltd)""	""Aspirin""	""8mg + 400mg""	""Dispersible tablet""	""Oral""	""Non-Opioid And Compound Analgesics/Opioid Analgesics""	""Aspirin""",
"""8424""",UNKNOWN,true,"1761	""ASPIRIN PAED 81 MG TAB""	""Aspirin""	NA	""Tablet""	""Oral""	""Unknown""	""Aspirin""",
"""31210""",UNKNOWN,true,"56	""Aspirin 300mg Tablet (Co-operative)""	""Aspirin""	""300mg""	""Oral tablet""	""Oral""	""Antiplatelet Products/Non-Opioid And Compound Analgesics""	""Aspirin""",
"""17920""",UNKNOWN,true,"8020	""Disprin cv 100mg Modified-release tablet (Reckitt Benckiser Healthcare (UK) Ltd)""	""Aspirin""	""100mg""	""Modified-Release Tablet""	""Oral""	""Antiplatelet Products""	""Aspirin""",
"""63658""",UNKNOWN,true,"3	""Co-codaprin 400/8 Tablet (Hillcross Pharmaceuticals Ltd)""	""Aspirin""	""400/8""	""Tablet""	""Oral""	""Non-Opioid And Compound Analgesics/Opioid Analgesics""	""Aspirin""",
"""2607""",UNKNOWN,true,"4	""Paynocil Tablet (Beecham Research Laboratories)""	""Aspirin""	NA	""Tablet""	""Oral""	""Antiplatelet Products/Non-Opioid And Compound Analgesics""	""Aspirin""",
"""24498""",UNKNOWN,true,"7	""ASPIRIN/CODEINE PHOSPHATE/PARACETAMOL 300 MG TAB""	""Aspirin""	NA	""Tablet""	""Oral""	""Unknown""	""Aspirin""",
"""11326""",UNKNOWN,true,"126	""Meprobamate with ethoheptazine citrate and aspirin Tablet""	""Aspirin""	NA	""Tablet""	""Oral""	""Non-Opioid And Compound Analgesics""	""Aspirin""",
"""65909""",UNKNOWN,true,"22	""Clopidogrel 75mg tablets (Milpharm Ltd)""	""Clopidogrel""	""75mg""	""Oral tablet""	""Oral""	""Antiplatelet Products""	""Clopidogrel""",
"""33320""",UNKNOWN,true,"3	""Aspirin 75mg Dispersible tablet (Sovereign Medical Ltd)""	""Aspirin""	""75mg""	""Dispersible tablet""	""Oral""	""Antiplatelet Products""	""Aspirin""",
"""11977""",UNKNOWN,true,"100	""Aspro clear maximum strength tablets""	""Aspirin""	""500mg""	""Effervescent tablet""	""Oral""	""Antiplatelet Products/Non-Opioid And Compound Analgesics""	""Aspirin""",
"""55230""",UNKNOWN,true,"0	""Aspirin 300mg dispersible tablets (Kent Pharma (UK) Ltd)""	""Aspirin""	""300mg""	""Dispersible tablet""	""Oral""	""Antiplatelet Products/Non-Opioid And Compound Analgesics""	""Aspirin""",
"""2106""",UNKNOWN,true,"246170	""Persantin 100mg tablets (Boehringer Ingelheim Ltd)""	""Dipyridamole""	""100mg""	""Oral tablet""	""Oral""	""Antiplatelet Products""	""Dipyridamole""",
"""381""",UNKNOWN,true,"5	""Anadin Tablet (Wyeth Consumer Healthcare)""	""Aspirin""	""325mg + 15mg""	""Oral tablet""	""Oral""	""Non-Opioid And Compound Analgesics""	""Aspirin""",
"""21382""",UNKNOWN,true,"686	""Aspirin 150mg / Isosorbide mononitrate 60mg modified-release tablets""	""Aspirin""	""150mg + 60mg""	""Modified-release tablet""	""Oral""	""Unknown""	""Aspirin""",
"""26582""",UNKNOWN,true,"72	""ASPIRIN PAED 100 MG SUP""	""Aspirin""	NA	""Suppository""	""Rectal""	""Unknown""	""Aspirin""",
"""28784""",UNKNOWN,true,"5	""Codeine phosphate 8mg with aspirin 400mg tablets""	""Aspirin""	""8mg+400mg""	""Tablets""	""Oral""	""Non-Opioid And Compound Analgesics/Opioid Analgesics""	""Aspirin""",
"""20840""",UNKNOWN,true,"10	""Acetylsalicylic acid mix""	""Aspirin""	NA	""Mixture""	""Oromucosal""	""Non-Opioid And Compound Analgesics""	""Aspirin""",
"""16184""",UNKNOWN,true,"2	""Alka-seltzer Tablet (Bayer Plc)""	""Aspirin""	NA	""Tablet""	""Oral""	""Non-Opioid And Compound Analgesics""	""Aspirin""",
"""8843""",UNKNOWN,true,"36	""ASPIRIN 325 MG TAB""	""Aspirin""	NA	""Tablet""	""Oral""	""Unknown""	""Aspirin""",
"""484""",UNKNOWN,true,"15944	""Equagesic Tablet (Wyeth Pharmaceuticals)""	""Aspirin""	NA	""Tablet""	""Oral""	""Non-Opioid And Compound Analgesics""	""Aspirin""",
"""54526""",UNKNOWN,true,"0	""Aspirin 300mg tablets (Alliance Healthcare (Distribution) Ltd)""	""Aspirin""	""300mg""	""Oral tablet""	""Oral""	""Antiplatelet Products/Non-Opioid And Compound Analgesics""	""Aspirin""",
"""47992""",UNKNOWN,true,"285	""Aspirin 75mg gastro-resistant tablets (A A H Pharmaceuticals Ltd)""	""Aspirin""	""75mg""	""Gastro-resistant tablet""	""Oral""	""Antiplatelet Products""	""Aspirin""",
"""56736""",UNKNOWN,true,"0	""Aspirin 300mg tablets (Waymade Healthcare Plc)""	""Aspirin""	""300mg""	""Oral tablet""	""Oral""	""Antiplatelet Products/Non-Opioid And Compound Analgesics""	""Aspirin""",
"""10031""",UNKNOWN,true,"4618	""Aspirin 25mg with Dipyridamole 200mg modified-release capsules""	""Aspirin/Dipyridamole""	""25mg + 200mg""	""Modified Release Capsules""	""Oral""	""Antiplatelet Products""	""Aspirin/Dipyridamole""",
"""23488""",UNKNOWN,true,"4	""Claradin 300mg Tablet (Nicholas Laboratories Ltd)""	""Aspirin""	""300mg""	""Oral tablet""	""Oral""	""Antiplatelet Products/Non-Opioid And Compound Analgesics""	""Aspirin""",
"""34797""",UNKNOWN,true,"892	""Aspirin 75mg gastro-resistant tablets (Actavis UK Ltd)""	""Aspirin""	""75mg""	""Gastro-resistant tablet""	""Oral""	""Antiplatelet Products""	""Aspirin""",
"""67124""",UNKNOWN,true,"1	""Bisoprolol 10mg / Aspirin 75mg capsules""	""Aspirin""	""75mg + 10mg""	""Oral capsule""	""Oral""	""Beta-Adrenoceptor Blockers/Antiplatelet Products""	""Aspirin""",
"""50926""",UNKNOWN,true,"2	""Aspirin 75mg dispersible tablets (The Boots Company Plc)""	""Aspirin""	""75mg""	""Dispersible tablet""	""Oral""	""Antiplatelet Products""	""Aspirin""",
"""67754""",UNKNOWN,true,"1	""Aspirin 300mg dispersible tablets (Almus Pharmaceuticals Ltd)""	""Aspirin""	""300mg""	""Dispersible tablet""	""Oral""	""Antiplatelet Products/Non-Opioid And Compound Analgesics""	""Aspirin""",
"""25211""",UNKNOWN,true,"37	""Anadin Original tablets (Haleon UK Trading Ltd)""	""Aspirin""	""325mg + 15mg""	""Oral tablet""	""Oral""	""Non-Opioid And Compound Analgesics""	""Aspirin""",
"""92315""",UNKNOWN,true,"1	""Clopidogrel 11mg oral powder sachets""	""Clopidogrel""	""11mg""	""Oral powder""	""Oral""	""Antiplatelet Products""	""Clopidogrel""",
"""34611""",UNKNOWN,true,"297	""Aspirin 75mg gastro-resistant tablets (C P Pharmaceuticals Ltd)""	""Aspirin""	""75mg""	""Gastro-resistant tablet""	""Oral""	""Antiplatelet Products""	""Aspirin""",
"""71821""",UNKNOWN,true,"23	""Aspirin 300mg Tablet (Numark Management Ltd)""	""Aspirin""	""300mg""	""Oral tablet""	""Oral""	""Antiplatelet Products/Non-Opioid And Compound Analgesics""	""Aspirin""",
"""73466""",UNKNOWN,true,"90	""Dipyridamole 100mg Tablet (Approved Prescription Services Ltd)""	""Dipyridamole""	""100mg""	""Oral tablet""	""Oral""	""Antiplatelet Products""	""Dipyridamole""",
"""5288""",UNKNOWN,true,"29886	""MigraMax oral powder sachets (Zentiva Pharma UK Ltd)""	""Aspirin""	""10mg + 900mg""	""Powder for oral solution""	""Oral""	""Non-Opioid And Compound Analgesics""	""Aspirin""",
"""31211""",UNKNOWN,true,"29	""Aspirin 75mg Dispersible tablet (A A H Pharmaceuticals Ltd)""	""Aspirin""	""75mg""	""Dispersible tablet""	""Oral""	""Antiplatelet Products""	""Aspirin""",
"""59470""",UNKNOWN,true,"145	""Persantin Retard 200mg capsules (Consilient Health Ltd)""	""Dipyridamole""	""200mg""	""Modified-release capsule""	""Oral""	""Antiplatelet Products""	""Dipyridamole""",
"""3309""",UNKNOWN,true,"245	""Aspirin 325mg / Caffeine 15mg tablets""	""Aspirin""	""325mg + 15mg""	""Oral tablet""	""Oral""	""Non-Opioid And Compound Analgesics""	""Aspirin""",
"""657""",UNKNOWN,true,"3261	""Aspirin 500mg granules sachets sugar free""	""Aspirin""	""500mg""	""Oral granules""	""Oral""	""Antiplatelet Products/Non-Opioid And Compound Analgesics""	""Aspirin""",
"""71663""",UNKNOWN,true,"5	""Aspirin 75mg tablets (Accord-UK Ltd)""	""Aspirin""	""75mg""	""Oral tablet""	""Oral""	""Antiplatelet Products""	""Aspirin""",
"""31192""",UNKNOWN,true,"116	""Vasyrol cold sore 25mg Tablet (Shire Pharmaceuticals Ltd)""	""Dipyridamole""	""25mg""	""Oral tablet""	""Oral""	""Antiplatelet Products""	""Dipyridamole""",
"""3""",UNKNOWN,true,"57214077	""Aspirin 75mg dispersible tablets""	""Aspirin""	""75mg""	""Dispersible tablet""	""Oral""	""Antiplatelet Products""	""Aspirin""",
"""66861""",UNKNOWN,true,"0	""Aspirin 75mg effervescent tablets""	""Aspirin""	""75mg""	""Effervescent tablet""	""Oral""	""Antiplatelet Products""	""Aspirin""",
"""51474""",UNKNOWN,true,"0	""Aspirin 150mg suppositories (Martindale Pharmaceuticals Ltd)""	""Aspirin""	""150mg""	""Suppository""	""Rectal""	""Antiplatelet Products/Non-Opioid And Compound Analgesics""	""Aspirin""",
"""8641""",UNKNOWN,true,"44	""DIPYRIDAMOLE 100 MG SUS""	""Dipyridamole""	NA	NA	NA	""Unknown""	""Dipyridamole""",
"""4271""",UNKNOWN,true,"455	""ASPIRIN SOLUBLE 200 MG TAB""	""Aspirin""	NA	""Tablet""	""Oral""	""Unknown""	""Aspirin""",
"""41594""",UNKNOWN,true,"271	""Aspirin 300mg Dispersible tablet (Teva UK Ltd)""	""Aspirin""	""300mg""	""Dispersible tablet""	""Oral""	""Antiplatelet Products/Non-Opioid And Compound Analgesics""	""Aspirin""",
"""76416""",UNKNOWN,true,"0	""Aspirin 300mg tablets (Bristol Laboratories Ltd)""	""Aspirin""	""300mg""	""Oral tablet""	""Oral""	""Antiplatelet Products/Non-Opioid And Compound Analgesics""	""Aspirin""",
"""4557""",UNKNOWN,true,"928	""ASPIRIN & PAPAVERUTUM 10 MG TAB""	""Aspirin""	NA	""Tablet""	""Oral""	""Unknown""	""Aspirin""",
"""23932""",UNKNOWN,true,"123	""Aspro Clear 300mg effervescent tablets (Bayer Plc)""	""Aspirin""	""300mg""	""Effervescent tablet""	""Oral""	""Antiplatelet Products/Non-Opioid And Compound Analgesics""	""Aspirin""",
"""67403""",UNKNOWN,true,"0	""Dipyridamole 100mg tablets (Dr Reddy's Laboratories (UK) Ltd)""	""Dipyridamole""	""100mg""	""Oral tablet""	""Oral""	""Antiplatelet Products""	""Dipyridamole""",
"""7516""",UNKNOWN,true,"3814	""Aspirin 300mg effervescent tablets sugar free""	""Aspirin""	""300mg""	""Effervescent tablet""	""Oral""	""Antiplatelet Products/Non-Opioid And Compound Analgesics""	""Aspirin""",
"""53816""",UNKNOWN,true,"237	""Aspirin 300mg dispersible tablets (Alliance Healthcare (Distribution) Ltd)""	""Aspirin""	""300mg""	""Dispersible tablet""	""Oral""	""Antiplatelet Products/Non-Opioid And Compound Analgesics""	""Aspirin""",
"""80839""",UNKNOWN,true,"0	""Aspirin 300mg gastro-resistant tablets (Phoenix Healthcare Distribution Ltd)""	""Aspirin""	""300mg""	""Gastro-resistant tablet""	""Oral""	""Antiplatelet Products/Non-Opioid And Compound Analgesics""	""Aspirin""",
"""43530""",UNKNOWN,true,"347	""Dipyridamole 100mg tablets (Accord-UK Ltd)""	""Dipyridamole""	""100mg""	""Oral tablet""	""Oral""	""Antiplatelet Products""	""Dipyridamole""",
"""81427""",UNKNOWN,true,"0	""Aspirin Powder (Thornton & Ross Ltd)""	""Aspirin""	""1mg/1mg""	""Not applicable""	""Route of administration not applicable""	""Ingredients""	""Aspirin""",
"""73994""",UNKNOWN,true,"400	""Aspirin 75mg gastro-resistant tablets (Greenfield Pharmaceuticals Ltd)""	""Aspirin""	""75mg""	""Gastro-resistant tablet""	""Oral""	""Antiplatelet Products""	""Aspirin""",
"""45643""",UNKNOWN,true,"113	""Aspirin 75mg Soluble tablet (Celltech Pharma Europe Ltd)""	""Aspirin""	""75mg""	""Dispersible tablet""	""Oral""	""Antiplatelet Products""	""Aspirin""",
"""689""",UNKNOWN,true,"51944	""Persantin 25mg tablets (Boehringer Ingelheim Ltd)""	""Dipyridamole""	""25mg""	""Oral tablet""	""Oral""	""Antiplatelet Products""	""Dipyridamole""",
"""22253""",UNKNOWN,true,"29	""ASPIRIN paed 150 MG SUP""	""Aspirin""	NA	""Suppository""	""Rectal""	""Unknown""	""Aspirin""",
"""42750""",UNKNOWN,true,"27	""Clopidogrel 75mg tablets (Actavis UK Ltd)""	""Clopidogrel""	""75mg""	""Oral tablet""	""Oral""	""Antiplatelet Products""	""Clopidogrel""",
"""23593""",UNKNOWN,true,"20110	""PostMI 75 dispersible tablets (Ashbourne Pharmaceuticals Ltd)""	""Aspirin""	""75mg""	""Dispersible tablet""	""Oral""	""Antiplatelet Products/Non-Opioid And Compound Analgesics""	""Aspirin""",
